,Teams,Goals,Total Attempts,On Target,Off Target,Blocked,Woodwork,Corners,Offside,Possession,Passes,Passing Accuracy,Passes Completed,Distance Covered,Balls Recovered,Tackles,Clearances,Blocks,Yellow Cards,Red Cards,Fouls,"Anfield, Liverpool","Arena AufSchalke, Gelsenkirchen","Arena Lviv, Lviv","Arsenal Stadium, London","BVB Stadion Dortmund, Dortmund","BayArena, Leverkusen","Beşiktaş Park, Istanbul","Camp Nou, Barcelona","City of Manchester Stadium, Manchester","Estadio Metropolitano, Madrid","Estadio Ramón Sánchez-Pizjuán, Seville","Estadio Santiago Bernabéu, Madrid","Estadio Vicente Calderón, Madrid","Estádio do Dragão, Porto","Estádio do Sport Lisboa e Benfica, Lisbon","Football Arena Munich, Munich","Johan Cruijff ArenA, Amsterdam","Juventus Stadium, Turin","KAA Gent Stadium, Ghent","King Power Stadium, Leicester","NSK Olimpiyskyi, Kyiv","OL Stadium, Décines","OSK Metalist Stadion, Kharkiv","Old Trafford, Manchester","Olympiastadion, Berlin","PSV Stadion, Eindhoven","Parc des Princes, Paris","Principality Stadium, Cardiff","St. Jakob-Park, Basel","Stade Louis II, Monaco","Stadio Olimpico, Rome","Stadio San Paolo, Naples","Stadio San Siro, Milan","Stadion Petrovskiy, St Petersburg","Stamford Bridge, London","Tottenham Hotspur Stadium, London","VfL Wolfsburg Arena, Wolfsburg","Wembley Stadium, London"
0,Juventus,1,14,6,6,2,0.2,8,1,39,343,83.3819241982507,286,114.3,28,4,11,0,2,0,24,0,0,0,0,0,0,0,0,0,0,0,0,0,0,0,0,0,0,0,0,0,0,0,0,1,0,0,0,0,0,0,0,0,0,0,0,0,0
1,Barcelona,3,14,8,6,0,0.214,8,0,39,570,88.5964912280702,505,112,39,2,15,2,1,0,12,0,0,0,0,0,0,0,0,0,0,0,0,0,0,0,0,0,0,0,0,0,0,0,0,1,0,0,0,0,0,0,0,0,0,0,0,0,0
2,Real Madrid,1,22,5,14,3,0.75,8,0,39,506,90.7114624505929,459,108.8,49,5,14,1,2,0,11,0,0,0,0,0,0,0,0,0,0,0,1,0,0,0,0,0,0,0,0,0,0,0,0,0,0,0,0,0,0,0,0,0,0,0,0,0,0
3,Juventus,1,19,4,14,1,0.2,8,5,39,432,85.1851851851852,368,116.3,44,3,27,3,2,0,7,0,0,0,0,0,0,0,0,0,0,0,1,0,0,0,0,0,0,0,0,0,0,0,0,0,0,0,0,0,0,0,0,0,0,0,0,0,0
4,Bayern,3,20,8,8,4,0.33,5,3,39,599,87.8130217028381,526,114.7,55,3,5,1,5,0,19,0,0,0,0,0,0,0,0,0,0,0,0,0,0,0,1,0,0,0,0,0,0,0,0,0,0,0,0,0,0,0,0,0,0,0,0,0,0
5,Barcelona,2,13,4,8,1,0.214,5,3,39,494,84.6153846153846,418,113.2,39,3,17,4,2,0,12,0,0,0,0,0,0,0,0,0,0,0,0,0,0,0,1,0,0,0,0,0,0,0,0,0,0,0,0,0,0,0,0,0,0,0,0,0,0
6,Barcelona,3,17,8,7,2,0.214,2,3,39,448,83.7053571428571,375,114.7,61,3,11,3,3,0,15,0,0,0,0,0,0,0,1,0,0,0,0,0,0,0,0,0,0,0,0,0,0,0,0,0,0,0,0,0,0,0,0,0,0,0,0,0,0
7,Bayern,0,10,0,7,3,0.33,2,2,39,556,87.7697841726619,488,111.9,54,7,21,2,3,0,14,0,0,0,0,0,0,0,1,0,0,0,0,0,0,0,0,0,0,0,0,0,0,0,0,0,0,0,0,0,0,0,0,0,0,0,0,0,0
8,Juventus,2,12,7,4,1,0.2,1,3,39,478,89.5397489539749,428,115.7,42,7,15,3,4,0,21,0,0,0,0,0,0,0,0,0,0,0,0,0,0,0,0,0,1,0,0,0,0,0,0,0,0,0,0,0,0,0,0,0,0,0,0,0,0
9,Real Madrid,1,10,3,4,3,0.75,1,1,39,535,89.3457943925234,478,108.1,35,1,11,1,3,0,13,0,0,0,0,0,0,0,0,0,0,0,0,0,0,0,0,0,1,0,0,0,0,0,0,0,0,0,0,0,0,0,0,0,0,0,0,0,0
10,Real Madrid,1,23,8,11,4,0.75,10,0,39,518,92.6640926640927,480,102.9,44,3,25,2,2,0,15,0,0,0,0,0,0,0,0,0,0,0,1,0,0,0,0,0,0,0,0,0,0,0,0,0,0,0,0,0,0,0,0,0,0,0,0,0,0
11,Atlético,0,15,2,11,2,0.375,10,0,39,265,78.4905660377359,208,106,39,4,21,4,4,1,12,0,0,0,0,0,0,0,0,0,0,0,1,0,0,0,0,0,0,0,0,0,0,0,0,0,0,0,0,0,0,0,0,0,0,0,0,0,0
12,Monaco,0,12,1,7,4,0,6,2,39,480,84.1666666666667,404,111.8,63,3,11,1,2,0,14,0,0,0,0,0,0,0,0,0,0,0,0,0,0,0,0,0,0,0,0,0,0,0,0,0,0,0,0,0,1,0,0,0,0,0,0,0,0
13,Juventus,0,9,1,7,1,0.2,6,1,39,391,79.7953964194373,312,117.8,61,3,19,4,2,0,17,0,0,0,0,0,0,0,0,0,0,0,0,0,0,0,0,0,0,0,0,0,0,0,0,0,0,0,0,0,1,0,0,0,0,0,0,0,0
14,Barcelona,2,11,6,4,1,0.214,5,1,39,741,90.4183535762483,670,115.9,44,0,8,3,0,0,11,0,0,0,0,0,0,0,1,0,0,0,0,0,0,0,0,0,0,0,0,0,0,0,0,0,0,0,0,0,0,0,0,0,0,0,0,0,0
15,Paris,0,9,2,4,3,0.33,5,4,39,573,88.3071553228621,506,112,56,7,9,1,1,0,16,0,0,0,0,0,0,0,1,0,0,0,0,0,0,0,0,0,0,0,0,0,0,0,0,0,0,0,0,0,0,0,0,0,0,0,0,0,0
16,Bayern,6,21,10,5,6,0.33,4,0,39,502,85.6573705179283,430,114.9,61,2,8,0,1,0,19,0,0,0,0,0,0,0,0,0,0,0,0,0,0,0,1,0,0,0,0,0,0,0,0,0,0,0,0,0,0,0,0,0,0,0,0,0,0
17,Porto,1,6,1,5,0,0,4,1,39,430,84.8837209302326,365,113,53,1,21,6,5,1,19,0,0,0,0,0,0,0,0,0,0,0,0,0,0,0,1,0,0,0,0,0,0,0,0,0,0,0,0,0,0,0,0,0,0,0,0,0,0
18,Porto,3,7,5,2,0,0,3,1,39,279,80.6451612903226,225,114.5,56,4,28,1,3,0,16,0,0,0,0,0,0,0,0,0,0,0,0,0,1,0,0,0,0,0,0,0,0,0,0,0,0,0,0,0,0,0,0,0,0,0,0,0,0
19,Bayern,1,6,3,2,1,0.33,3,1,39,632,89.0822784810127,563,110.6,46,3,8,0,4,0,22,0,0,0,0,0,0,0,0,0,0,0,0,0,1,0,0,0,0,0,0,0,0,0,0,0,0,0,0,0,0,0,0,0,0,0,0,0,0
20,Paris,1,8,4,1,3,0.33,4,6,39,401,86.5336658354115,347,108.6,44,3,8,2,1,0,10,0,0,0,0,0,0,0,0,0,0,0,0,0,0,0,0,0,0,0,0,0,0,0,0,0,0,1,0,0,0,0,0,0,0,0,0,0,0
21,Barcelona,3,9,6,1,2,0.214,4,1,39,778,90.7455012853471,706,110.8,47,5,8,3,2,0,12,0,0,0,0,0,0,0,0,0,0,0,0,0,0,0,0,0,0,0,0,0,0,0,0,0,0,1,0,0,0,0,0,0,0,0,0,0,0
22,Juventus,1,13,5,7,1,0.2,6,2,39,612,88.3986928104575,541,114.1,51,7,7,2,0,0,7,0,0,0,0,0,0,0,0,0,0,0,0,0,0,0,0,0,1,0,0,0,0,0,0,0,0,0,0,0,0,0,0,0,0,0,0,0,0
23,Monaco,0,14,5,7,2,0,6,0,39,325,81.2307692307692,264,108.4,53,3,17,1,1,0,15,0,0,0,0,0,0,0,0,0,0,0,0,0,0,0,0,0,1,0,0,0,0,0,0,0,0,0,0,0,0,0,0,0,0,0,0,0,0
24,Atlético,0,8,2,3,3,0.375,7,0,39,318,75.1572327044025,239,110,47,4,19,5,3,0,19,0,0,0,0,0,0,0,0,0,0,0,0,1,0,0,0,0,0,0,0,0,0,0,0,0,0,0,0,0,0,0,0,0,0,0,0,0,0
25,Real Madrid,0,16,8,3,5,0.75,7,0,39,548,84.6715328467153,464,103.3,48,3,19,3,2,0,11,0,0,0,0,0,0,0,0,0,0,0,0,1,0,0,0,0,0,0,0,0,0,0,0,0,0,0,0,0,0,0,0,0,0,0,0,0,0
26,Dortmund,0,10,2,3,5,0.33,5,3,39,561,88.4135472370767,496,117.8,54,5,6,2,1,0,7,0,0,0,0,1,0,0,0,0,0,0,0,0,0,0,0,0,0,0,0,0,0,0,0,0,0,0,0,0,0,0,0,0,0,0,0,0,0
27,Juventus,3,11,6,3,2,0.2,5,2,39,458,87.7729257641921,402,119.5,46,2,19,5,0,0,10,0,0,0,0,1,0,0,0,0,0,0,0,0,0,0,0,0,0,0,0,0,0,0,0,0,0,0,0,0,0,0,0,0,0,0,0,0,0
28,Barcelona,1,23,11,9,3,0.214,7,3,39,570,84.5614035087719,482,113.3,40,0,19,6,1,0,6,0,0,0,0,0,0,0,1,0,0,0,0,0,0,0,0,0,0,0,0,0,0,0,0,0,0,0,0,0,0,0,0,0,0,0,0,0,0
29,Man. City,0,20,4,9,7,0.2,7,0,39,392,81.6326530612245,320,110.6,44,0,15,4,5,0,12,0,0,0,0,0,0,0,1,0,0,0,0,0,0,0,0,0,0,0,0,0,0,0,0,0,0,0,0,0,0,0,0,0,0,0,0,0,0
30,Atlético,1,12,5,4,3,0.375,11,4,39,336,72.9166666666667,245,149.1,85,0,18,1,4,0,10,0,0,0,0,0,0,0,0,0,0,0,0,1,0,0,0,0,0,0,0,0,0,0,0,0,0,0,0,0,0,0,0,0,0,0,0,0,0
31,Leverkusen,0,8,3,4,1,0,11,1,39,395,72.4050632911392,286,151.7,80,0,37,3,6,0,25,0,0,0,0,0,0,0,0,0,0,0,0,1,0,0,0,0,0,0,0,0,0,0,0,0,0,0,0,0,0,0,0,0,0,0,0,0,0
32,Monaco,0,3,0,1,2,0,0,4,39,281,82.2064056939502,231,113.3,66,0,35,4,1,0,13,0,0,0,0,0,0,0,0,0,0,0,0,0,0,0,0,0,0,0,0,0,0,0,0,0,0,0,0,0,1,0,0,0,0,0,0,0,0
33,Arsenal,2,12,7,1,4,0.5,0,2,39,704,90.3409090909091,636,113.5,66,0,4,2,1,0,11,0,0,0,0,0,0,0,0,0,0,0,0,0,0,0,0,0,0,0,0,0,0,0,0,0,0,0,0,0,1,0,0,0,0,0,0,0,0
34,Bayern,7,25,13,8,4,0.33,8,2,39,663,92.9110105580694,616,109.6,32,0,7,1,2,0,15,0,0,0,0,0,0,0,0,0,0,0,0,0,0,0,1,0,0,0,0,0,0,0,0,0,0,0,0,0,0,0,0,0,0,0,0,0,0
35,Shakhtar Donetsk,0,9,0,8,1,0,8,2,39,203,83.743842364532,170,99.8,24,2,23,4,1,1,5,0,0,0,0,0,0,0,0,0,0,0,0,0,0,0,1,0,0,0,0,0,0,0,0,0,0,0,0,0,0,0,0,0,0,0,0,0,0
36,Chelsea,2,14,6,3,5,2,7,2,39,591,90.8629441624366,537,142.6,54,3,23,4,3,0,24,0,0,0,0,0,0,0,0,0,0,0,0,0,0,0,0,0,0,0,0,0,0,0,0,0,0,0,0,0,0,0,0,0,0,1,0,0,0
37,Paris,2,13,6,3,4,0.33,7,5,39,604,90.2317880794702,545,137.3,63,4,20,5,4,1,17,0,0,0,0,0,0,0,0,0,0,0,0,0,0,0,0,0,0,0,0,0,0,0,0,0,0,0,0,0,0,0,0,0,0,1,0,0,0
38,Real Madrid,3,14,9,3,2,0.75,5,2,39,493,89.6551724137931,442,113.1,43,1,22,2,2,0,4,0,0,0,0,0,0,0,0,0,0,0,1,0,0,0,0,0,0,0,0,0,0,0,0,0,0,0,0,0,0,0,0,0,0,0,0,0,0
39,Schalke,4,15,10,3,2,0,5,1,39,526,90.4942965779468,476,122.5,43,1,11,2,1,0,7,0,0,0,0,0,0,0,0,0,0,0,1,0,0,0,0,0,0,0,0,0,0,0,0,0,0,0,0,0,0,0,0,0,0,0,0,0,0
40,Porto,4,13,7,4,2,0,3,5,39,455,87.9120879120879,400,118.1,63,2,17,0,1,0,6,0,0,0,0,0,0,0,0,0,0,0,0,0,1,0,0,0,0,0,0,0,0,0,0,0,0,0,0,0,0,0,0,0,0,0,0,0,0
41,Basel,0,7,3,4,0,0,3,0,39,467,82.2269807280514,384,113.7,54,3,10,2,5,1,19,0,0,0,0,0,0,0,0,0,0,0,0,0,1,0,0,0,0,0,0,0,0,0,0,0,0,0,0,0,0,0,0,0,0,0,0,0,0
42,Leverkusen,1,13,3,3,7,0,4,0,39,509,87.426326129666,445,110.3,39,4,12,5,5,0,25,0,0,0,0,0,1,0,0,0,0,0,0,0,0,0,0,0,0,0,0,0,0,0,0,0,0,0,0,0,0,0,0,0,0,0,0,0,0
43,Atlético,0,11,3,3,5,0.375,4,0,39,204,73.5294117647059,150,105.9,38,5,14,7,5,1,11,0,0,0,0,0,1,0,0,0,0,0,0,0,0,0,0,0,0,0,0,0,0,0,0,0,0,0,0,0,0,0,0,0,0,0,0,0,0
44,Arsenal,1,14,4,9,1,0.5,8,0,39,516,87.4031007751938,451,110.5,39,5,8,0,3,0,12,0,0,0,1,0,0,0,0,0,0,0,0,0,0,0,0,0,0,0,0,0,0,0,0,0,0,0,0,0,0,0,0,0,0,0,0,0,0
45,Monaco,3,16,7,9,0,0,8,5,39,352,88.9204545454546,313,111.7,49,5,24,1,2,0,10,0,0,0,1,0,0,0,0,0,0,0,0,0,0,0,0,0,0,0,0,0,0,0,0,0,0,0,0,0,0,0,0,0,0,0,0,0,0
46,Juventus,2,11,4,7,0,0.2,8,4,39,388,84.5360824742268,328,113.4,43,1,17,3,2,0,8,0,0,0,0,0,0,0,0,0,0,0,0,0,0,0,0,0,1,0,0,0,0,0,0,0,0,0,0,0,0,0,0,0,0,0,0,0,0
47,Dortmund,1,13,3,7,3,0.33,8,2,39,469,83.1556503198294,390,111.7,47,5,13,0,0,0,10,0,0,0,0,0,0,0,0,0,0,0,0,0,0,0,0,0,1,0,0,0,0,0,0,0,0,0,0,0,0,0,0,0,0,0,0,0,0
48,Man. City,1,13,5,4,4,0.2,8,0,39,343,86.5889212827988,297,113,44,5,6,6,3,1,13,0,0,0,0,0,0,0,0,1,0,0,0,0,0,0,0,0,0,0,0,0,0,0,0,0,0,0,0,0,0,0,0,0,0,0,0,0,0
49,Barcelona,2,14,4,4,6,0.214,8,7,39,634,92.2712933753943,585,114.6,54,3,12,4,3,0,13,0,0,0,0,0,0,0,0,1,0,0,0,0,0,0,0,0,0,0,0,0,0,0,0,0,0,0,0,0,0,0,0,0,0,0,0,0,0
50,Schalke,0,8,3,3,2,0,2,1,39,363,82.6446280991736,300,116.2,53,5,19,1,3,0,15,0,1,0,0,0,0,0,0,0,0,0,0,0,0,0,0,0,0,0,0,0,0,0,0,0,0,0,0,0,0,0,0,0,0,0,0,0,0
51,Real Madrid,2,8,4,3,1,0.75,2,3,39,614,88.1107491856677,541,111.6,50,2,12,2,1,0,9,0,1,0,0,0,0,0,0,0,0,0,0,0,0,0,0,0,0,0,0,0,0,0,0,0,0,0,0,0,0,0,0,0,0,0,0,0,0
52,Basel,1,1,1,0,0,0,0,5,39,299,85.2842809364548,255,123.7,54,2,18,4,5,0,21,0,0,0,0,0,0,0,0,0,0,0,0,0,0,0,0,0,0,0,0,0,0,0,0,0,0,0,0,1,0,0,0,0,0,0,0,0,0
53,Porto,1,11,7,0,4,0,0,4,39,563,89.8756660746004,506,123.4,58,3,5,0,4,0,13,0,0,0,0,0,0,0,0,0,0,0,0,0,0,0,0,0,0,0,0,0,0,0,0,0,0,0,0,1,0,0,0,0,0,0,0,0,0
54,Shakhtar Donetsk,0,1,1,0,0,0,0,4,39,356,82.8651685393258,295,109.7,47,4,28,3,3,0,15,0,0,1,0,0,0,0,0,0,0,0,0,0,0,0,0,0,0,0,0,0,0,0,0,0,0,0,0,0,0,0,0,0,0,0,0,0,0
55,Bayern,0,4,1,0,3,0.33,0,2,39,633,91.1532385466035,577,107.9,40,2,12,0,5,1,20,0,0,1,0,0,0,0,0,0,0,0,0,0,0,0,0,0,0,0,0,0,0,0,0,0,0,0,0,0,0,0,0,0,0,0,0,0,0
56,Paris,1,14,6,5,3,0.33,7,1,39,524,92.175572519084,483,103.6,31,5,11,1,2,0,20,0,0,0,0,0,0,0,0,0,0,0,0,0,0,0,0,0,0,0,0,0,0,0,0,0,0,1,0,0,0,0,0,0,0,0,0,0,0
57,Chelsea,1,7,1,5,1,2,7,0,39,435,89.8850574712644,391,104.9,29,2,17,3,2,0,20,0,0,0,0,0,0,0,0,0,0,0,0,0,0,0,0,0,0,0,0,0,0,0,0,0,0,1,0,0,0,0,0,0,0,0,0,0,0
58,Real Madrid,1,25,8,6,11,0.75,7,0,39,557,89.2280071813286,497,132.4,74,0,20,3,6,0,18,0,0,0,0,0,0,0,0,0,0,0,0,0,0,0,0,0,0,0,0,0,0,0,0,0,0,0,0,0,0,0,0,1,0,0,0,0,0
59,Atlético,1,13,4,6,3,0.375,7,2,39,627,86.6028708133971,543,144.9,61,3,17,11,2,0,16,0,0,0,0,0,0,0,0,0,0,0,0,0,0,0,0,0,0,0,0,0,0,0,0,0,0,0,0,0,0,0,0,1,0,0,0,0,0
60,Real Madrid,1,15,5,5,5,0.75,5,5,39,553,90.0542495479204,498,104.5,52,0,15,0,1,0,5,0,0,0,0,0,0,0,0,0,0,0,1,0,0,0,0,0,0,0,0,0,0,0,0,0,0,0,0,0,0,0,0,0,0,0,0,0,0
61,Man. City,0,5,0,5,0,0.2,5,2,39,454,86.784140969163,394,107.4,44,3,11,5,3,0,10,0,0,0,0,0,0,0,0,0,0,0,1,0,0,0,0,0,0,0,0,0,0,0,0,0,0,0,0,0,0,0,0,0,0,0,0,0,0
62,Bayern,2,34,12,13,9,0.33,12,3,39,668,88.4730538922156,591,115.5,39,2,7,1,1,0,14,0,0,0,0,0,0,0,0,0,0,0,0,0,0,0,1,0,0,0,0,0,0,0,0,0,0,0,0,0,0,0,0,0,0,0,0,0,0
63,Atlético,1,18,4,13,1,0.375,12,2,39,212,72.6415094339623,154,119.7,47,5,36,9,1,0,10,0,0,0,0,0,0,0,0,0,0,0,0,0,0,0,1,0,0,0,0,0,0,0,0,0,0,0,0,0,0,0,0,0,0,0,0,0,0
64,Atlético,1,11,5,2,4,0.375,5,2,39,209,71.7703349282297,150,118.5,51,4,22,4,1,0,7,0,0,0,0,0,0,0,0,0,0,0,0,1,0,0,0,0,0,0,0,0,0,0,0,0,0,0,0,0,0,0,0,0,0,0,0,0,0
65,Bayern,0,13,7,2,4,0.33,5,0,39,729,89.7119341563786,654,112.3,50,3,13,4,4,0,11,0,0,0,0,0,0,0,0,0,0,0,0,1,0,0,0,0,0,0,0,0,0,0,0,0,0,0,0,0,0,0,0,0,0,0,0,0,0
66,Man. City,0,5,2,2,1,0.2,4,1,39,507,83.8264299802761,425,113.2,62,6,24,3,1,0,20,0,0,0,0,0,0,0,0,1,0,0,0,0,0,0,0,0,0,0,0,0,0,0,0,0,0,0,0,0,0,0,0,0,0,0,0,0,0
67,Real Madrid,0,8,3,2,3,0.75,4,2,39,595,87.2268907563025,519,112.7,64,2,14,1,2,0,12,0,0,0,0,0,0,0,0,1,0,0,0,0,0,0,0,0,0,0,0,0,0,0,0,0,0,0,0,0,0,0,0,0,0,0,0,0,0
68,Benfica,2,9,5,2,2,0,3,2,39,248,75.4032258064516,187,110.6,41,3,11,2,2,0,9,0,0,0,0,0,0,0,0,0,0,0,0,0,0,1,0,0,0,0,0,0,0,0,0,0,0,0,0,0,0,0,0,0,0,0,0,0,0
69,Bayern,2,11,7,2,2,0.33,3,3,39,714,92.436974789916,660,110.5,48,1,7,2,1,0,10,0,0,0,0,0,0,0,0,0,0,0,0,0,0,1,0,0,0,0,0,0,0,0,0,0,0,0,0,0,0,0,0,0,0,0,0,0,0
70,Atlético,2,9,6,2,1,0.375,1,2,39,170,71.7647058823529,122,114.6,39,2,25,5,4,0,20,0,0,0,0,0,0,0,0,0,0,0,0,1,0,0,0,0,0,0,0,0,0,0,0,0,0,0,0,0,0,0,0,0,0,0,0,0,0
71,Barcelona,0,11,4,2,5,0.214,1,0,39,675,91.2592592592593,616,102.6,41,0,9,1,4,0,10,0,0,0,0,0,0,0,0,0,0,0,0,1,0,0,0,0,0,0,0,0,0,0,0,0,0,0,0,0,0,0,0,0,0,0,0,0,0
72,Real Madrid,3,16,7,5,4,0.75,12,5,39,589,89.1341256366723,525,107.4,40,1,12,3,1,0,10,0,0,0,0,0,0,0,0,0,0,0,1,0,0,0,0,0,0,0,0,0,0,0,0,0,0,0,0,0,0,0,0,0,0,0,0,0,0
73,Wolfsburg,0,11,3,5,3,0,12,3,39,449,84.1870824053452,378,105.7,44,5,18,4,4,0,9,0,0,0,0,0,0,0,0,0,0,0,1,0,0,0,0,0,0,0,0,0,0,0,0,0,0,0,0,0,0,0,0,0,0,0,0,0,0
74,Man. City,1,11,1,8,2,0.2,6,2,39,343,84.2565597667639,289,103,60,1,10,1,1,0,18,0,0,0,0,0,0,0,0,1,0,0,0,0,0,0,0,0,0,0,0,0,0,0,0,0,0,0,0,0,0,0,0,0,0,0,0,0,0
75,Paris,0,14,5,8,1,0.33,6,4,39,681,89.1336270190896,607,98,40,3,10,2,3,0,13,0,0,0,0,0,0,0,0,1,0,0,0,0,0,0,0,0,0,0,0,0,0,0,0,0,0,0,0,0,0,0,0,0,0,0,0,0,0
76,Paris,2,16,5,7,4,0.33,4,2,39,724,90.8839779005525,658,102.3,50,1,11,2,2,0,6,0,0,0,0,0,0,0,0,0,0,0,0,0,0,0,0,0,0,0,0,0,0,0,0,0,0,1,0,0,0,0,0,0,0,0,0,0,0
77,Man. City,2,12,3,7,2,0.2,4,1,39,327,82.874617737003,271,106.2,51,6,21,4,4,0,15,0,0,0,0,0,0,0,0,0,0,0,0,0,0,0,0,0,0,0,0,0,0,0,0,0,0,1,0,0,0,0,0,0,0,0,0,0,0
78,Wolfsburg,2,10,7,3,0,0,1,0,39,409,84.5965770171149,346,110.4,59,6,16,5,4,0,13,0,0,0,0,0,0,0,0,0,0,0,0,0,0,0,0,0,0,0,0,0,0,0,0,0,0,0,0,0,0,0,0,0,0,0,0,1,0
79,Real Madrid,0,11,3,3,5,0.75,1,7,39,674,90.6528189910979,611,105.8,59,2,7,0,1,0,8,0,0,0,0,0,0,0,0,0,0,0,0,0,0,0,0,0,0,0,0,0,0,0,0,0,0,0,0,0,0,0,0,0,0,0,0,1,0
80,Barcelona,2,19,5,8,6,0.214,2,3,39,687,91.8486171761281,631,106.7,41,5,5,3,3,0,19,0,0,0,0,0,0,0,1,0,0,0,0,0,0,0,0,0,0,0,0,0,0,0,0,0,0,0,0,0,0,0,0,0,0,0,0,0,0
81,Atlético,1,13,2,8,3,0.375,2,0,39,219,74.8858447488585,164,109.2,42,3,23,6,8,1,16,0,0,0,0,0,0,0,1,0,0,0,0,0,0,0,0,0,0,0,0,0,0,0,0,0,0,0,0,0,0,0,0,0,0,0,0,0,0
82,Bayern,1,15,5,8,2,0.33,5,5,39,665,88.8721804511278,591,114.1,44,1,8,5,2,0,11,0,0,0,0,0,0,0,0,0,0,0,0,0,0,0,1,0,0,0,0,0,0,0,0,0,0,0,0,0,0,0,0,0,0,0,0,0,0
83,Benfica,0,14,1,8,5,0,5,2,39,287,76.3066202090592,219,113.3,42,2,17,2,2,0,12,0,0,0,0,0,0,0,0,0,0,0,0,0,0,0,1,0,0,0,0,0,0,0,0,0,0,0,0,0,0,0,0,0,0,0,0,0,0
84,Barcelona,3,17,8,5,4,0.214,7,2,39,746,89.8123324396783,670,106.8,53,5,11,7,1,0,8,0,0,0,0,0,0,0,1,0,0,0,0,0,0,0,0,0,0,0,0,0,0,0,0,0,0,0,0,0,0,0,0,0,0,0,0,0,0
85,Arsenal,1,16,4,5,7,0.5,7,1,39,408,83.8235294117647,342,111.3,52,2,16,4,4,0,11,0,0,0,0,0,0,0,1,0,0,0,0,0,0,0,0,0,0,0,0,0,0,0,0,0,0,0,0,0,0,0,0,0,0,0,0,0,0
86,Bayern,4,26,8,8,10,0.33,5,2,39,925,92.5405405405405,856,151.8,53,3,6,2,5,0,19,0,0,0,0,0,0,0,0,0,0,0,0,0,0,0,1,0,0,0,0,0,0,0,0,0,0,0,0,0,0,0,0,0,0,0,0,0,0
87,Juventus,2,21,11,8,2,0.2,5,3,39,265,81.8867924528302,217,153.6,45,0,24,10,7,0,26,0,0,0,0,0,0,0,0,0,0,0,0,0,0,0,1,0,0,0,0,0,0,0,0,0,0,0,0,0,0,0,0,0,0,0,0,0,0
88,Atlético,0,24,6,12,6,0.375,10,5,39,684,88.4502923976608,605,158.7,76,1,16,4,0,0,8,0,0,0,0,0,0,0,0,0,0,0,0,1,0,0,0,0,0,0,0,0,0,0,0,0,0,0,0,0,0,0,0,0,0,0,0,0,0
89,PSV,0,16,1,12,3,0,10,0,39,483,80.1242236024845,387,152.3,65,5,38,6,4,0,17,0,0,0,0,0,0,0,0,0,0,0,0,1,0,0,0,0,0,0,0,0,0,0,0,0,0,0,0,0,0,0,0,0,0,0,0,0,0
90,Man. City,0,7,1,6,0,0.2,2,3,39,460,86.0869565217391,396,109.9,49,1,12,1,1,0,11,0,0,0,0,0,0,0,0,1,0,0,0,0,0,0,0,0,0,0,0,0,0,0,0,0,0,0,0,0,0,0,0,0,0,0,0,0,0
91,Dynamo Kyiv,0,11,4,6,1,0,2,3,39,563,86.6785079928952,488,116.6,36,3,9,0,2,0,12,0,0,0,0,0,0,0,0,1,0,0,0,0,0,0,0,0,0,0,0,0,0,0,0,0,0,0,0,0,0,0,0,0,0,0,0,0,0
92,Chelsea,1,17,9,3,5,2,5,2,39,452,87.3893805309735,395,103.5,50,5,7,3,3,0,16,0,0,0,0,0,0,0,0,0,0,0,0,0,0,0,0,0,0,0,0,0,0,0,0,0,0,0,0,0,0,0,0,0,0,1,0,0,0
93,Paris,2,11,5,3,3,0.33,5,6,39,768,91.9270833333333,706,101.9,47,3,17,5,3,0,13,0,0,0,0,0,0,0,0,0,0,0,0,0,0,0,0,0,0,0,0,0,0,0,0,0,0,0,0,0,0,0,0,0,0,1,0,0,0
94,Zenit,1,15,4,5,6,0,7,6,39,461,84.8156182212581,391,113.2,51,6,17,2,1,0,14,0,0,0,0,0,0,0,0,0,0,0,0,0,0,0,0,0,0,0,0,0,0,0,0,0,0,0,0,0,0,0,0,0,1,0,0,0,0
95,Benfica,2,16,9,5,2,0,7,2,39,361,82.2714681440443,297,112.8,57,2,19,6,2,0,22,0,0,0,0,0,0,0,0,0,0,0,0,0,0,0,0,0,0,0,0,0,0,0,0,0,0,0,0,0,0,0,0,0,1,0,0,0,0
96,Real Madrid,2,38,11,15,12,0.75,11,2,39,622,89.5498392282958,557,111.8,61,5,10,2,1,0,7,0,0,0,0,0,0,0,0,0,0,0,1,0,0,0,0,0,0,0,0,0,0,0,0,0,0,0,0,0,0,0,0,0,0,0,0,0,0
97,Roma,0,21,4,15,2,0.5,11,0,39,440,85.2272727272727,375,113.8,47,3,22,12,1,0,9,0,0,0,0,0,0,0,0,0,0,0,1,0,0,0,0,0,0,0,0,0,0,0,0,0,0,0,0,0,0,0,0,0,0,0,0,0,0
98,Wolfsburg,1,17,5,6,6,0,6,2,39,478,86.1924686192469,412,117.2,51,2,9,1,0,0,13,0,0,0,0,0,0,0,0,0,0,0,0,0,0,0,0,0,0,0,0,0,0,0,0,0,0,0,0,0,0,0,0,0,0,0,0,1,0
99,Gent,0,9,2,6,1,0,6,3,39,561,87.5222816399287,491,113,41,1,10,6,0,0,16,0,0,0,0,0,0,0,0,0,0,0,0,0,0,0,0,0,0,0,0,0,0,0,0,0,0,0,0,0,0,0,0,0,0,0,0,1,0
100,PSV,0,5,1,2,2,0,1,0,39,378,84.1269841269841,318,109.6,51,6,26,5,2,1,8,0,0,0,0,0,0,0,0,0,0,0,0,0,0,0,0,0,0,0,0,0,0,0,0,0,1,0,0,0,0,0,0,0,0,0,0,0,0
101,Atlético,0,11,4,2,5,0.375,1,1,39,545,86.7889908256881,473,117.1,51,1,13,2,1,0,8,0,0,0,0,0,0,0,0,0,0,0,0,0,0,0,0,0,0,0,0,0,0,0,0,0,1,0,0,0,0,0,0,0,0,0,0,0,0
102,Dynamo Kyiv,1,13,4,6,3,0,6,2,39,522,86.5900383141763,452,116.8,54,5,12,1,0,0,14,0,0,0,0,0,0,0,0,0,0,0,0,0,0,0,0,0,0,0,0,1,0,0,0,0,0,0,0,0,0,0,0,0,0,0,0,0,0
103,Man. City,3,13,6,6,1,0.2,6,1,39,522,87.7394636015326,458,108.4,59,7,13,3,0,0,10,0,0,0,0,0,0,0,0,0,0,0,0,0,0,0,0,0,0,0,0,1,0,0,0,0,0,0,0,0,0,0,0,0,0,0,0,0,0
104,Juventus,2,12,7,3,2,0.2,3,1,39,311,84.2443729903537,262,112.2,40,7,19,1,1,0,13,0,0,0,0,0,0,0,0,0,0,0,0,0,0,0,0,0,1,0,0,0,0,0,0,0,0,0,0,0,0,0,0,0,0,0,0,0,0
105,Bayern,2,9,5,3,1,0.33,3,0,39,666,91.1411411411411,607,112.2,44,4,9,2,3,0,18,0,0,0,0,0,0,0,0,0,0,0,0,0,0,0,0,0,1,0,0,0,0,0,0,0,0,0,0,0,0,0,0,0,0,0,0,0,0
106,Arsenal,0,7,2,1,4,0.5,1,3,39,361,80.6094182825485,291,109.5,45,5,18,7,1,0,13,0,0,0,1,0,0,0,0,0,0,0,0,0,0,0,0,0,0,0,0,0,0,0,0,0,0,0,0,0,0,0,0,0,0,0,0,0,0
107,Barcelona,2,13,5,1,7,0.214,1,1,39,731,88.6456908344733,648,107.8,39,3,13,4,1,0,14,0,0,0,1,0,0,0,0,0,0,0,0,0,0,0,0,0,0,0,0,0,0,0,0,0,0,0,0,0,0,0,0,0,0,0,0,0,0
108,Roma,0,10,1,4,5,0.5,7,1,39,423,86.7612293144208,367,114.1,46,5,16,6,0,0,12,0,0,0,0,0,0,0,0,0,0,0,0,0,0,0,0,0,0,0,0,0,0,0,0,0,0,0,0,0,0,1,0,0,0,0,0,0,0
109,Real Madrid,2,15,5,4,6,0.75,7,1,39,692,89.8843930635838,622,109,44,3,14,5,2,0,10,0,0,0,0,0,0,0,0,0,0,0,0,0,0,0,0,0,0,0,0,0,0,0,0,0,0,0,0,0,0,1,0,0,0,0,0,0,0
110,Gent,2,12,8,2,2,0,7,2,39,576,84.7222222222222,488,116.4,51,1,7,3,1,0,12,0,0,0,0,0,0,0,0,0,0,0,0,0,0,0,0,0,0,1,0,0,0,0,0,0,0,0,0,0,0,0,0,0,0,0,0,0,0
111,Wolfsburg,3,9,4,2,3,0,7,0,39,388,81.1855670103093,315,118.9,53,1,20,2,2,0,17,0,0,0,0,0,0,0,0,0,0,0,0,0,0,0,0,0,0,1,0,0,0,0,0,0,0,0,0,0,0,0,0,0,0,0,0,0,0
112,Paris,2,20,8,7,5,0.33,9,2,39,688,90.4069767441861,622,102.8,49,3,8,3,3,0,16,0,0,0,0,0,0,0,0,0,0,0,0,0,0,0,0,0,0,0,0,0,0,0,0,0,0,1,0,0,0,0,0,0,0,0,0,0,0
113,Chelsea,1,15,5,7,3,2,9,2,39,371,85.9838274932615,319,102.9,46,2,22,5,2,0,15,0,0,0,0,0,0,0,0,0,0,0,0,0,0,0,0,0,0,0,0,0,0,0,0,0,0,1,0,0,0,0,0,0,0,0,0,0,0
114,Benfica,1,15,5,6,4,0,5,3,39,526,86.3117870722433,454,105.6,50,2,17,1,4,0,14,0,0,0,0,0,0,0,0,0,0,0,0,0,0,1,0,0,0,0,0,0,0,0,0,0,0,0,0,0,0,0,0,0,0,0,0,0,0
115,Zenit,0,9,2,6,1,0,5,7,39,262,79.3893129770992,208,105.8,55,4,23,4,4,1,12,0,0,0,0,0,0,0,0,0,0,0,0,0,0,1,0,0,0,0,0,0,0,0,0,0,0,0,0,0,0,0,0,0,0,0,0,0,0
116,Juventus,1,11,4,3,4,0,1,3,39,418,84.4497607655502,353,107.5,39,4,9,7,5,1,23,0,0,0,0,0,0,0,0,0,0,0,0,0,0,0,0,0,0,0,0,0,0,0,0,0,0,0,1,0,0,0,0,0,0,0,0,0,0
117,Real Madrid,4,15,5,3,7,0,1,1,39,541,90.7578558225508,491,103.9,51,6,9,4,4,0,18,0,0,0,0,0,0,0,0,0,0,0,0,0,0,0,0,0,0,0,0,0,0,0,0,0,0,0,1,0,0,0,0,0,0,0,0,0,0
118,Atlético,2,17,7,7,3,0,7,1,39,320,71.875,230,113.1,53,4,14,6,4,0,23,0,0,0,0,0,0,0,0,0,0,0,0,1,0,0,0,0,0,0,0,0,0,0,0,0,0,0,0,0,0,0,0,0,0,0,0,0,0
119,Real Madrid,1,19,6,7,6,0,7,2,39,582,86.7697594501718,505,103.4,47,2,23,3,2,0,7,0,0,0,0,0,0,0,0,0,0,0,0,1,0,0,0,0,0,0,0,0,0,0,0,0,0,0,0,0,0,0,0,0,0,0,0,0,0
120,Juventus,2,15,6,4,5,0,6,2,39,411,85.1581508515815,350,104.7,46,4,18,4,2,0,11,0,0,0,0,0,0,0,0,0,0,0,0,0,0,0,0,0,1,0,0,0,0,0,0,0,0,0,0,0,0,0,0,0,0,0,0,0,0
121,Monaco,1,10,2,4,4,0,6,3,39,400,86,344,100.1,41,4,17,5,2,0,21,0,0,0,0,0,0,0,0,0,0,0,0,0,0,0,0,0,1,0,0,0,0,0,0,0,0,0,0,0,0,0,0,0,0,0,0,0,0
122,Monaco,0,14,6,3,5,0,7,0,39,448,85.4910714285714,383,104.2,48,1,14,2,1,0,11,0,0,0,0,0,0,0,0,0,0,0,0,0,0,0,0,0,0,0,0,0,0,0,0,0,0,0,0,0,1,0,0,0,0,0,0,0,0
123,Juventus,2,10,5,3,2,0,7,0,39,452,83.6283185840708,378,109,49,3,19,5,3,0,13,0,0,0,0,0,0,0,0,0,0,0,0,0,0,0,0,0,0,0,0,0,0,0,0,0,0,0,0,0,1,0,0,0,0,0,0,0,0
124,Real Madrid,3,16,8,6,2,0,9,0,39,673,91.2332838038633,614,102.9,54,1,18,0,1,0,10,0,0,0,0,0,0,0,0,0,0,0,1,0,0,0,0,0,0,0,0,0,0,0,0,0,0,0,0,0,0,0,0,0,0,0,0,0,0
125,Atlético,0,7,1,6,0,0,9,0,39,422,84.8341232227488,358,110.5,44,2,14,2,3,0,15,0,0,0,0,0,0,0,0,0,0,0,1,0,0,0,0,0,0,0,0,0,0,0,0,0,0,0,0,0,0,0,0,0,0,0,0,0,0
126,Monaco,3,15,9,5,1,0,5,1,39,280,73.2142857142857,205,112,49,2,30,2,0,0,15,0,0,0,0,0,0,0,0,0,0,0,0,0,0,0,0,0,0,0,0,0,0,0,0,0,0,0,0,0,1,0,0,0,0,0,0,0,0
127,Dortmund,1,14,7,5,2,1,5,2,39,661,86.0816944024206,569,112.8,41,9,14,1,0,0,8,0,0,0,0,0,0,0,0,0,0,0,0,0,0,0,0,0,0,0,0,0,0,0,0,0,0,0,0,0,1,0,0,0,0,0,0,0,0
128,Barcelona,0,17,1,12,4,0,13,1,39,587,85.0085178875639,499,108.4,55,7,7,3,2,0,10,0,0,0,0,0,0,0,1,0,0,0,0,0,0,0,0,0,0,0,0,0,0,0,0,0,0,0,0,0,0,0,0,0,0,0,0,0,0
129,Juventus,0,19,4,12,3,0,13,2,39,329,76.8996960486322,253,111.9,49,4,35,4,2,0,19,0,0,0,0,0,0,0,1,0,0,0,0,0,0,0,0,0,0,0,0,0,0,0,0,0,0,0,0,0,0,0,0,0,0,0,0,0,0
130,Leicester,1,21,4,8,9,0,7,1,39,488,80.327868852459,392,110.9,55,2,14,0,0,0,9,0,0,0,0,0,0,0,0,0,0,0,0,0,0,0,0,0,0,0,1,0,0,0,0,0,0,0,0,0,0,0,0,0,0,0,0,0,0
131,Atlético,1,11,3,8,0,0,7,2,39,400,75.25,301,116.2,73,6,42,9,0,0,7,0,0,0,0,0,0,0,0,0,0,0,0,0,0,0,0,0,0,0,1,0,0,0,0,0,0,0,0,0,0,0,0,0,0,0,0,0,0
132,Real Madrid,4,26,12,9,5,0,7,3,39,638,84.9529780564263,542,135.7,53,4,22,8,1,0,7,0,0,0,0,0,0,0,0,0,0,0,1,0,0,0,0,0,0,0,0,0,0,0,0,0,0,0,0,0,0,0,0,0,0,0,0,0,0
133,Bayern,2,19,2,9,8,0,7,2,39,692,86.1271676300578,596,134.7,48,9,17,5,5,1,22,0,0,0,0,0,0,0,0,0,0,0,1,0,0,0,0,0,0,0,0,0,0,0,0,0,0,0,0,0,0,0,0,0,0,0,0,0,0
134,Bayern,1,11,3,5,3,0,8,3,39,535,88.785046728972,475,108.7,49,11,14,4,4,1,11,0,0,0,0,0,0,0,0,0,0,0,0,0,0,0,1,0,0,0,0,0,0,0,0,0,0,0,0,0,0,0,0,0,0,0,0,0,0
135,Real Madrid,2,21,12,5,4,1,8,3,39,589,91.3412563667233,538,109,48,7,16,3,2,0,7,0,0,0,0,0,0,0,0,0,0,0,0,0,0,0,1,0,0,0,0,0,0,0,0,0,0,0,0,0,0,0,0,0,0,0,0,0,0
136,Atlético,1,15,4,8,3,1,8,1,39,645,85.7364341085271,553,109.9,49,3,14,3,0,0,10,0,0,0,0,0,0,0,0,0,0,0,0,1,0,0,0,0,0,0,0,0,0,0,0,0,0,0,0,0,0,0,0,0,0,0,0,0,0
137,Leicester,0,11,0,8,3,0,8,1,39,289,73.7024221453287,213,103,57,3,37,3,3,0,16,0,0,0,0,0,0,0,0,0,0,0,0,1,0,0,0,0,0,0,0,0,0,0,0,0,0,0,0,0,0,0,0,0,0,0,0,0,0
138,Dortmund,2,15,4,7,4,0,7,2,39,642,83.8006230529595,538,108.9,37,1,9,1,2,0,9,0,0,0,0,1,0,0,0,0,0,0,0,0,0,0,0,0,0,0,0,0,0,0,0,0,0,0,0,0,0,0,0,0,0,0,0,0,0
139,Monaco,3,10,2,7,1,0,7,2,39,277,68.5920577617329,190,107.8,48,7,32,4,5,0,9,0,0,0,0,1,0,0,0,0,0,0,0,0,0,0,0,0,0,0,0,0,0,0,0,0,0,0,0,0,0,0,0,0,0,0,0,0,0
140,Juventus,3,14,8,4,2,0,5,1,39,280,82.1428571428571,230,108.8,40,6,20,4,4,0,21,0,0,0,0,0,0,0,0,0,0,0,0,0,0,0,0,0,1,0,0,0,0,0,0,0,0,0,0,0,0,0,0,0,0,0,0,0,0
141,Barcelona,0,11,3,4,4,0,5,1,39,614,91.2052117263844,560,99.7,38,2,16,2,3,0,18,0,0,0,0,0,0,0,0,0,0,0,0,0,0,0,0,0,1,0,0,0,0,0,0,0,0,0,0,0,0,0,0,0,0,0,0,0,0
142,Atlético,0,13,4,5,4,0,7,0,39,420,79.0476190476191,332,113.2,56,4,18,4,2,0,6,0,0,0,0,0,0,0,0,0,0,0,0,1,0,0,0,0,0,0,0,0,0,0,0,0,0,0,0,0,0,0,0,0,0,0,0,0,0
143,Leverkusen,0,16,7,5,4,0,7,1,39,548,84.8540145985401,465,114,56,5,20,4,2,0,8,0,0,0,0,0,0,0,0,0,0,0,0,1,0,0,0,0,0,0,0,0,0,0,0,0,0,0,0,0,0,0,0,0,0,0,0,0,0
144,Monaco,3,8,4,1,3,0,3,1,39,321,77.8816199376947,250,106.9,49,6,23,1,3,0,12,0,0,0,0,0,0,0,0,0,0,0,0,0,0,0,0,0,0,0,0,0,0,0,0,0,0,0,0,0,1,0,0,0,0,0,0,0,0
145,Man. City,1,5,3,1,1,0,3,5,39,534,85.0187265917603,454,110.7,44,1,15,3,3,0,13,0,0,0,0,0,0,0,0,0,0,0,0,0,0,0,0,0,0,0,0,0,0,0,0,0,0,0,0,0,1,0,0,0,0,0,0,0,0
146,Juventus,1,15,3,8,4,0,4,1,39,760,91.1842105263158,693,109.5,41,0,6,3,1,0,13,0,0,0,0,0,0,0,0,0,0,0,0,0,0,0,0,0,1,0,0,0,0,0,0,0,0,0,0,0,0,0,0,0,0,0,0,0,0
147,Porto,0,13,2,8,3,0,4,0,39,383,84.3342036553525,323,103,48,2,19,4,2,1,11,0,0,0,0,0,0,0,0,0,0,0,0,0,0,0,0,0,1,0,0,0,0,0,0,0,0,0,0,0,0,0,0,0,0,0,0,0,0
148,Leicester,2,13,4,4,5,0,2,2,39,199,70.3517587939699,140,104.4,49,2,40,2,4,0,10,0,0,0,0,0,0,0,0,0,0,0,0,0,0,0,0,0,0,0,1,0,0,0,0,0,0,0,0,0,0,0,0,0,0,0,0,0,0
149,Sevilla,0,11,5,4,2,1,2,0,39,531,86.4406779661017,459,106.2,41,5,11,5,3,1,10,0,0,0,0,0,0,0,0,0,0,0,0,0,0,0,0,0,0,0,1,0,0,0,0,0,0,0,0,0,0,0,0,0,0,0,0,0,0
150,Dortmund,4,13,6,7,0,1,5,9,39,473,87.5264270613108,414,111.8,50,5,15,2,3,0,13,0,0,0,0,1,0,0,0,0,0,0,0,0,0,0,0,0,0,0,0,0,0,0,0,0,0,0,0,0,0,0,0,0,0,0,0,0,0
151,Benfica,0,11,2,7,2,0,5,1,39,389,77.8920308483291,303,107,42,4,9,0,1,0,17,0,0,0,0,1,0,0,0,0,0,0,0,0,0,0,0,0,0,0,0,0,0,0,0,0,0,0,0,0,0,0,0,0,0,0,0,0,0
152,Barcelona,6,17,7,5,5,0,6,3,39,591,86.9712351945855,514,105.8,56,4,7,1,5,0,16,0,0,0,0,0,0,0,1,0,0,0,0,0,0,0,0,0,0,0,0,0,0,0,0,0,0,0,0,0,0,0,0,0,0,0,0,0,0
153,Paris,1,9,3,5,1,1,6,5,39,251,72.9083665338645,183,110.4,42,6,24,5,5,0,25,0,0,0,0,0,0,0,1,0,0,0,0,0,0,0,0,0,0,0,0,0,0,0,0,0,0,0,0,0,0,0,0,0,0,0,0,0,0
154,Arsenal,1,9,3,6,0,1,5,3,39,423,84.3971631205674,357,105.2,40,6,12,3,3,1,13,0,0,0,1,0,0,0,0,0,0,0,0,0,0,0,0,0,0,0,0,0,0,0,0,0,0,0,0,0,0,0,0,0,0,0,0,0,0
155,Bayern,5,16,7,6,3,1,5,4,39,577,89.948006932409,519,110.3,52,3,21,0,2,0,10,0,0,0,1,0,0,0,0,0,0,0,0,0,0,0,0,0,0,0,0,0,0,0,0,0,0,0,0,0,0,0,0,0,0,0,0,0,0
156,Napoli,1,13,4,8,1,1,9,3,39,632,86.7088607594937,548,117.8,68,0,7,4,2,0,17,0,0,0,0,0,0,0,0,0,0,0,0,0,0,0,0,0,0,0,0,0,0,0,0,0,0,0,0,0,0,0,1,0,0,0,0,0,0
157,Real Madrid,3,17,5,8,4,1,9,4,39,522,83.9080459770115,438,109.1,66,5,18,1,0,0,8,0,0,0,0,0,0,0,0,0,0,0,0,0,0,0,0,0,0,0,0,0,0,0,0,0,0,0,0,0,0,0,1,0,0,0,0,0,0
158,Porto,0,3,0,3,0,0,1,1,39,227,79.295154185022,180,101.4,28,3,21,3,5,1,12,0,0,0,0,0,0,0,0,0,0,0,0,0,1,0,0,0,0,0,0,0,0,0,0,0,0,0,0,0,0,0,0,0,0,0,0,0,0
159,Juventus,2,10,4,3,3,1,1,1,39,762,92.5196850393701,705,112.4,36,3,5,0,1,0,13,0,0,0,0,0,0,0,0,0,0,0,0,0,1,0,0,0,0,0,0,0,0,0,0,0,0,0,0,0,0,0,0,0,0,0,0,0,0
160,Sevilla,2,22,8,10,4,2,8,0,39,663,89.5927601809955,594,110.8,39,4,12,3,2,0,6,0,0,0,0,0,0,0,0,0,0,1,0,0,0,0,0,0,0,0,0,0,0,0,0,0,0,0,0,0,0,0,0,0,0,0,0,0,0
161,Leicester,1,16,3,10,3,0,8,0,39,239,73.2217573221757,175,106.6,48,3,17,4,0,0,9,0,0,0,0,0,0,0,0,0,0,1,0,0,0,0,0,0,0,0,0,0,0,0,0,0,0,0,0,0,0,0,0,0,0,0,0,0,0
162,Leverkusen,2,14,3,3,8,0,6,1,39,550,79.8181818181818,439,110.2,64,5,18,1,4,0,14,0,0,0,0,0,1,0,0,0,0,0,0,0,0,0,0,0,0,0,0,0,0,0,0,0,0,0,0,0,0,0,0,0,0,0,0,0,0
163,Atlético,4,11,7,3,1,1,6,4,39,326,70.2453987730061,229,115.8,57,2,20,8,3,0,9,0,0,0,0,0,1,0,0,0,0,0,0,0,0,0,0,0,0,0,0,0,0,0,0,0,0,0,0,0,0,0,0,0,0,0,0,0,0
164,Man. City,5,8,6,0,2,0,5,3,39,590,87.4576271186441,516,106.3,43,5,15,2,4,0,12,0,0,0,0,0,0,0,0,1,0,0,0,0,0,0,0,0,0,0,0,0,0,0,0,0,0,0,0,0,0,0,0,0,0,0,0,0,0
165,Monaco,3,8,6,0,2,0,5,5,39,275,81.4545454545454,224,102,42,5,20,2,6,0,15,0,0,0,0,0,0,0,0,1,0,0,0,0,0,0,0,0,0,0,0,0,0,0,0,0,0,0,0,0,0,0,0,0,0,0,0,0,0
166,Bayern,5,24,11,6,7,1,9,3,39,793,91.5510718789407,726,109.5,55,1,7,1,2,0,12,0,0,0,0,0,0,0,0,0,0,0,0,0,0,0,1,0,0,0,0,0,0,0,0,0,0,0,0,0,0,0,0,0,0,0,0,0,0
167,Arsenal,1,12,5,6,1,0,9,2,39,277,78.7003610108303,218,108.1,46,4,22,7,3,0,11,0,0,0,0,0,0,0,0,0,0,0,0,0,0,0,1,0,0,0,0,0,0,0,0,0,0,0,0,0,0,0,0,0,0,0,0,0,0
168,Real Madrid,3,20,5,12,3,1,5,7,39,594,90.0673400673401,535,106.5,58,2,7,2,2,0,9,0,0,0,0,0,0,0,0,0,0,0,1,0,0,0,0,0,0,0,0,0,0,0,0,0,0,0,0,0,0,0,0,0,0,0,0,0,0
169,Napoli,1,16,2,12,2,0,5,1,39,622,88.4244372990354,550,116.3,48,2,12,3,2,0,12,0,0,0,0,0,0,0,0,0,0,0,1,0,0,0,0,0,0,0,0,0,0,0,0,0,0,0,0,0,0,0,0,0,0,0,0,0,0
170,Benfica,1,4,1,1,2,0,3,2,39,283,74.9116607773852,212,110.7,50,2,22,2,1,0,15,0,0,0,0,0,0,0,0,0,0,0,0,0,0,1,0,0,0,0,0,0,0,0,0,0,0,0,0,0,0,0,0,0,0,0,0,0,0
171,Dortmund,0,8,4,1,3,0,3,8,39,673,87.667161961367,590,110.4,54,4,3,2,3,0,10,0,0,0,0,0,0,0,0,0,0,0,0,0,0,1,0,0,0,0,0,0,0,0,0,0,0,0,0,0,0,0,0,0,0,0,0,0,0
172,Paris,4,16,10,2,4,0,2,0,39,426,88.7323943661972,378,113.3,48,8,19,1,1,0,14,0,0,0,0,0,0,0,0,0,0,0,0,0,0,0,0,0,0,0,0,0,0,0,0,0,0,1,0,0,0,0,0,0,0,0,0,0,0
173,Barcelona,0,4,1,2,1,1,2,3,39,580,90,522,105.1,37,5,9,4,3,0,11,0,0,0,0,0,0,0,0,0,0,0,0,0,0,0,0,0,0,0,0,0,0,0,0,0,0,1,0,0,0,0,0,0,0,0,0,0,0
174,Real Madrid,3,12,5,6,1,1,9,7,39,648,91.0493827160494,590,102.6,49,2,16,7,0,0,5,0,0,0,0,0,0,0,0,0,0,0,0,0,0,0,0,0,0,0,0,1,0,0,0,0,0,0,0,0,0,0,0,0,0,0,0,0,0
175,Liverpool,1,15,2,6,7,1,9,3,39,351,79.7720797720798,280,110.7,43,10,14,1,1,0,18,0,0,0,0,0,0,0,0,0,0,0,0,0,0,0,0,0,0,0,0,1,0,0,0,0,0,0,0,0,0,0,0,0,0,0,0,0,0
176,Roma,4,23,6,14,3,1,7,3,39,530,84.1509433962264,446,113.7,45,3,8,5,2,0,10,0,0,0,0,0,0,0,0,0,0,0,0,0,0,0,0,0,0,0,0,0,0,0,0,0,0,0,0,0,0,1,0,0,0,0,0,0,0
177,Liverpool,2,24,5,14,5,0,7,5,39,356,73.5955056179775,262,115.2,45,1,26,3,3,0,14,0,0,0,0,0,0,0,0,0,0,0,0,0,0,0,0,0,0,0,0,0,0,0,0,0,0,0,0,0,0,1,0,0,0,0,0,0,0
178,Real Madrid,2,9,3,5,1,0,6,3,39,400,83.5,334,113.9,41,2,27,7,4,0,10,0,0,0,0,0,0,0,0,0,0,0,1,0,0,0,0,0,0,0,0,0,0,0,0,0,0,0,0,0,0,0,0,0,0,0,0,0,0
179,Bayern,2,20,8,5,7,1,6,0,39,597,86.9346733668342,519,117.2,45,2,12,1,0,0,10,0,0,0,0,0,0,0,0,0,0,0,1,0,0,0,0,0,0,0,0,0,0,0,0,0,0,0,0,0,0,0,0,0,0,0,0,0,0
180,Bayern,1,13,5,4,4,0,10,0,39,631,86.5293185419968,546,111.6,47,4,4,1,2,0,8,0,0,0,0,0,0,0,0,0,0,0,0,0,0,0,1,0,0,0,0,0,0,0,0,0,0,0,0,0,0,0,0,0,0,0,0,0,0
181,Real Madrid,2,9,4,4,1,0,10,6,39,416,84.375,351,107.5,47,2,17,4,1,0,14,0,0,0,0,0,0,0,0,0,0,0,0,0,0,0,1,0,0,0,0,0,0,0,0,0,0,0,0,0,0,0,0,0,0,0,0,0,0
182,Liverpool,5,20,11,5,4,1,7,5,39,433,80.3695150115474,348,114.8,61,7,21,3,3,0,13,1,0,0,0,0,0,0,0,0,0,0,0,0,0,0,0,0,0,0,0,0,0,0,0,0,0,0,0,0,0,0,0,0,0,0,0,0,0
183,Roma,2,14,6,5,3,1,7,3,39,472,80.5084745762712,380,111.6,49,6,22,4,2,0,7,1,0,0,0,0,0,0,0,0,0,0,0,0,0,0,0,0,0,0,0,0,0,0,0,0,0,0,0,0,0,0,0,0,0,0,0,0,0
184,Bayern,0,17,6,9,2,0,9,5,39,462,86.1471861471862,398,113.4,54,5,11,2,1,0,13,0,0,0,0,0,0,0,0,0,0,0,0,0,0,0,1,0,0,0,0,0,0,0,0,0,0,0,0,0,0,0,0,0,0,0,0,0,0
185,Sevilla,0,11,0,9,2,1,9,1,39,497,83.9034205231388,417,114,37,1,22,2,3,1,12,0,0,0,0,0,0,0,0,0,0,0,0,0,0,0,1,0,0,0,0,0,0,0,0,0,0,0,0,0,0,0,0,0,0,0,0,0,0
186,Real Madrid,1,19,6,8,5,1,7,4,39,639,92.1752738654147,589,111.9,42,3,17,3,3,0,8,0,0,0,0,0,0,0,0,0,0,0,1,0,0,0,0,0,0,0,0,0,0,0,0,0,0,0,0,0,0,0,0,0,0,0,0,0,0
187,Juventus,3,17,6,8,3,0,7,2,39,384,85.6770833333333,329,120.3,38,6,22,5,6,1,20,0,0,0,0,0,0,0,0,0,0,0,1,0,0,0,0,0,0,0,0,0,0,0,0,0,0,0,0,0,0,0,0,0,0,0,0,0,0
188,Roma,3,16,7,8,1,0,6,0,39,379,73.0870712401056,277,107.7,44,1,16,2,2,0,19,0,0,0,0,0,0,0,0,0,0,0,0,0,0,0,0,0,0,0,0,0,0,0,0,0,0,0,0,0,0,1,0,0,0,0,0,0,0
189,Barcelona,0,13,3,8,2,0,6,4,39,496,77.8225806451613,386,102.5,53,4,21,1,3,0,10,0,0,0,0,0,0,0,0,0,0,0,0,0,0,0,0,0,0,0,0,0,0,0,0,0,0,0,0,0,0,1,0,0,0,0,0,0,0
190,Man. City,1,20,3,5,12,1,9,8,39,678,84.3657817109145,572,110.6,45,4,8,0,2,0,5,0,0,0,0,0,0,0,0,1,0,0,0,0,0,0,0,0,0,0,0,0,0,0,0,0,0,0,0,0,0,0,0,0,0,0,0,0,0
191,Liverpool,2,8,3,5,0,0,9,0,39,304,72.6973684210526,221,114.9,54,6,28,12,4,0,7,0,0,0,0,0,0,0,0,1,0,0,0,0,0,0,0,0,0,0,0,0,0,0,0,0,0,0,0,0,0,0,0,0,0,0,0,0,0
192,Liverpool,3,9,5,2,2,0,0,3,39,390,74.8717948717949,292,120.8,59,4,33,5,1,0,6,1,0,0,0,0,0,0,0,0,0,0,0,0,0,0,0,0,0,0,0,0,0,0,0,0,0,0,0,0,0,0,0,0,0,0,0,0,0
193,Man. City,0,7,0,2,5,0,0,4,39,752,86.7021276595745,652,115.5,54,4,23,2,4,0,10,1,0,0,0,0,0,0,0,0,0,0,0,0,0,0,0,0,0,0,0,0,0,0,0,0,0,0,0,0,0,0,0,0,0,0,0,0,0
194,Barcelona,4,19,9,6,4,1,10,3,39,650,89.2307692307692,580,108,58,1,12,7,0,0,8,0,0,0,0,0,0,0,1,0,0,0,0,0,0,0,0,0,0,0,0,0,0,0,0,0,0,0,0,0,0,0,0,0,0,0,0,0,0
195,Roma,1,16,3,6,7,0,10,0,39,455,81.5384615384615,371,113,52,7,10,4,2,0,8,0,0,0,0,0,0,0,1,0,0,0,0,0,0,0,0,0,0,0,0,0,0,0,0,0,0,0,0,0,0,0,0,0,0,0,0,0,0
196,Juventus,0,12,2,6,4,0,5,1,39,519,89.0173410404624,462,109.5,37,6,8,0,3,1,14,0,0,0,0,0,0,0,0,0,0,0,0,0,0,0,0,0,1,0,0,0,0,0,0,0,0,0,0,0,0,0,0,0,0,0,0,0,0
197,Real Madrid,3,12,6,6,0,2,5,0,39,663,90.9502262443439,603,108.7,39,5,14,4,2,0,16,0,0,0,0,0,0,0,0,0,0,0,0,0,0,0,0,0,1,0,0,0,0,0,0,0,0,0,0,0,0,0,0,0,0,0,0,0,0
198,Sevilla,1,8,4,3,1,0,3,1,39,423,82.74231678487,350,116,39,2,14,3,2,0,12,0,0,0,0,0,0,0,0,0,0,1,0,0,0,0,0,0,0,0,0,0,0,0,0,0,0,0,0,0,0,0,0,0,0,0,0,0,0
199,Bayern,2,10,4,3,3,0,3,3,39,578,87.8892733564014,508,111.6,38,5,11,1,3,0,9,0,0,0,0,0,0,0,0,0,0,1,0,0,0,0,0,0,0,0,0,0,0,0,0,0,0,0,0,0,0,0,0,0,0,0,0,0,0
200,Barcelona,3,8,7,1,0,0,4,1,39,597,89.2797319932998,533,106.2,43,7,17,4,1,0,11,0,0,0,0,0,0,0,1,0,0,0,0,0,0,0,0,0,0,0,0,0,0,0,0,0,0,0,0,0,0,0,0,0,0,0,0,0,0
201,Chelsea,0,8,3,1,4,2,4,6,39,471,82.5902335456476,389,110,49,6,3,0,3,0,17,0,0,0,0,0,0,0,1,0,0,0,0,0,0,0,0,0,0,0,0,0,0,0,0,0,0,0,0,0,0,0,0,0,0,0,0,0,0
202,Beşiktaş,1,17,4,7,6,0,4,3,39,479,83.2985386221294,399,100.5,53,3,9,0,2,0,18,0,0,0,0,0,0,1,0,0,0,0,0,0,0,0,0,0,0,0,0,0,0,0,0,0,0,0,0,0,0,0,0,0,0,0,0,0,0
203,Bayern,3,13,6,7,0,0,4,1,39,466,83.2618025751073,388,105.2,63,3,15,6,3,0,13,0,0,0,0,0,0,1,0,0,0,0,0,0,0,0,0,0,0,0,0,0,0,0,0,0,0,0,0,0,0,0,0,0,0,0,0,0,0
204,Man. United,1,17,4,8,5,0,5,1,39,519,79.383429672447,412,106.3,54,1,6,5,1,0,9,0,0,0,0,0,0,0,0,0,0,0,0,0,0,0,0,0,0,0,0,0,0,0,1,0,0,0,0,0,0,0,0,0,0,0,0,0,0
205,Sevilla,2,19,6,8,5,0,5,1,39,492,82.9268292682927,408,110.3,68,2,24,5,4,0,10,0,0,0,0,0,0,0,0,0,0,0,0,0,0,0,0,0,0,0,0,0,0,0,1,0,0,0,0,0,0,0,0,0,0,0,0,0,0
206,Roma,1,10,3,4,3,0,2,5,39,343,80.466472303207,276,112.2,41,11,18,2,2,0,14,0,0,0,0,0,0,0,0,0,0,0,0,0,0,0,0,0,0,0,0,0,0,0,0,0,0,0,0,0,0,1,0,0,0,0,0,0,0
207,Shakhtar Donetsk,0,6,0,4,2,0,2,2,39,589,86.5874363327674,510,109.4,38,1,21,3,3,1,11,0,0,0,0,0,0,0,0,0,0,0,0,0,0,0,0,0,0,0,0,0,0,0,0,0,0,0,0,0,0,1,0,0,0,0,0,0,0
208,Man. City,1,7,3,0,4,0,5,3,39,1096,92.5182481751825,1014,115.8,48,2,7,1,1,0,5,0,0,0,0,0,0,0,0,1,0,0,0,0,0,0,0,0,0,0,0,0,0,0,0,0,0,0,0,0,0,0,0,0,0,0,0,0,0
209,Basel,2,4,3,0,1,0,5,5,39,322,79.1925465838509,255,119.3,50,1,20,4,1,0,12,0,0,0,0,0,0,0,0,1,0,0,0,0,0,0,0,0,0,0,0,0,0,0,0,0,0,0,0,0,0,0,0,0,0,0,0,0,0
210,Tottenham,1,23,6,9,8,1,6,1,39,526,85.361216730038,449,118.5,57,4,6,1,3,0,20,0,0,0,0,0,0,0,0,0,0,0,0,0,0,0,0,0,0,0,0,0,0,0,0,0,0,0,0,0,0,0,0,0,0,0,0,0,1
211,Juventus,2,13,3,9,1,0,6,3,39,464,83.4051724137931,387,118,57,9,28,8,4,0,12,0,0,0,0,0,0,0,0,0,0,0,0,0,0,0,0,0,0,0,0,0,0,0,0,0,0,0,0,0,0,0,0,0,0,0,0,0,1
212,Liverpool,0,12,5,5,2,1,1,5,39,819,87.4236874236874,716,115.1,54,5,4,2,1,0,11,1,0,0,0,0,0,0,0,0,0,0,0,0,0,0,0,0,0,0,0,0,0,0,0,0,0,0,0,0,0,0,0,0,0,0,0,0,0
213,Porto,0,8,1,5,2,0,1,1,39,423,79.4326241134752,336,117.9,56,4,24,3,2,0,13,1,0,0,0,0,0,0,0,0,0,0,0,0,0,0,0,0,0,0,0,0,0,0,0,0,0,0,0,0,0,0,0,0,0,0,0,0,0
214,Paris,1,8,2,3,3,0,7,5,39,582,89.6907216494845,522,108,42,3,7,6,3,1,10,0,0,0,0,0,0,0,0,0,0,0,0,0,0,0,0,0,0,0,0,0,0,0,0,0,0,1,0,0,0,0,0,0,0,0,0,0,0
215,Real Madrid,2,15,6,3,6,3,7,5,39,600,89,534,112.2,63,8,14,3,2,0,12,0,0,0,0,0,0,0,0,0,0,0,0,0,0,0,0,0,0,0,0,0,0,0,0,0,0,1,0,0,0,0,0,0,0,0,0,0,0
216,Shakhtar Donetsk,2,14,7,3,4,0,8,2,39,517,87.0406189555126,450,112.6,38,2,14,2,2,0,11,0,0,0,0,0,0,0,0,0,0,0,0,0,0,0,0,0,0,0,0,0,0,1,0,0,0,0,0,0,0,0,0,0,0,0,0,0,0
217,Roma,1,13,8,3,2,0,8,3,39,497,86.5191146881288,430,115.1,33,1,13,4,1,0,9,0,0,0,0,0,0,0,0,0,0,0,0,0,0,0,0,0,0,0,0,0,0,1,0,0,0,0,0,0,0,0,0,0,0,0,0,0,0
218,Sevilla,0,25,8,9,8,0,12,2,39,533,87.4296435272045,466,107.1,45,4,19,1,1,0,12,0,0,0,0,0,0,0,0,0,0,1,0,0,0,0,0,0,0,0,0,0,0,0,0,0,0,0,0,0,0,0,0,0,0,0,0,0,0
219,Man. United,0,11,1,9,1,0,12,1,39,401,83.2917705735661,334,102.1,51,2,18,8,1,0,22,0,0,0,0,0,0,0,0,0,0,1,0,0,0,0,0,0,0,0,0,0,0,0,0,0,0,0,0,0,0,0,0,0,0,0,0,0,0
220,Bayern,5,34,13,13,8,1,6,3,39,564,87.5886524822695,494,104.1,41,4,6,1,1,0,16,0,0,0,0,0,0,0,0,0,0,0,0,0,0,0,1,0,0,0,0,0,0,0,0,0,0,0,0,0,0,0,0,0,0,0,0,0,0
221,Beşiktaş,0,15,1,13,1,0,6,1,39,255,72.9411764705882,186,94.8,43,2,17,9,3,1,14,0,0,0,0,0,0,0,0,0,0,0,0,0,0,0,1,0,0,0,0,0,0,0,0,0,0,0,0,0,0,0,0,0,0,0,0,0,0
222,Chelsea,1,10,2,6,2,2,3,1,39,329,78.7234042553192,259,114.7,56,5,20,2,2,0,17,0,0,0,0,0,0,0,0,0,0,0,0,0,0,0,0,0,0,0,0,0,0,0,0,0,0,0,0,0,0,0,0,0,0,1,0,0,0
223,Barcelona,1,10,2,6,2,0,3,0,39,894,92.2818791946309,825,106.3,49,3,10,2,3,0,13,0,0,0,0,0,0,0,0,0,0,0,0,0,0,0,0,0,0,0,0,0,0,0,0,0,0,0,0,0,0,0,0,0,0,1,0,0,0
224,Real Madrid,3,17,8,4,5,0,11,8,39,503,89.662027833002,451,103.9,42,2,15,5,2,0,14,0,0,0,0,0,0,0,0,0,0,0,1,0,0,0,0,0,0,0,0,0,0,0,0,0,0,0,0,0,0,0,0,0,0,0,0,0,0
225,Paris,1,13,4,4,5,0,11,1,39,495,87.8787878787879,435,105.7,39,4,15,5,4,0,16,0,0,0,0,0,0,0,0,0,0,0,1,0,0,0,0,0,0,0,0,0,0,0,0,0,0,0,0,0,0,0,0,0,0,0,0,0,0
226,Porto,0,7,2,3,2,0,6,3,39,496,82.6612903225807,410,111.9,43,4,16,2,0,0,9,0,0,0,0,0,0,0,0,0,0,0,0,0,1,0,0,0,0,0,0,0,0,0,0,0,0,0,0,0,0,0,0,0,0,0,0,0,0
227,Liverpool,5,11,6,3,2,1,6,0,39,604,83.7748344370861,506,112.9,52,3,18,2,0,0,10,0,0,0,0,0,0,0,0,0,0,0,0,0,1,0,0,0,0,0,0,0,0,0,0,0,0,0,0,0,0,0,0,0,0,0,0,0,0
228,Basel,0,11,3,6,2,0,3,4,39,323,76.7801857585139,248,115.3,63,7,15,2,2,0,9,0,0,0,0,0,0,0,0,0,0,0,0,0,0,0,0,0,0,0,0,0,0,0,0,0,0,0,0,1,0,0,0,0,0,0,0,0,0
229,Man. City,4,15,7,6,2,0,3,3,39,892,90.695067264574,809,110,58,3,7,2,2,0,5,0,0,0,0,0,0,0,0,0,0,0,0,0,0,0,0,0,0,0,0,0,0,0,0,0,0,0,0,1,0,0,0,0,0,0,0,0,0
230,Juventus,2,10,5,3,2,1,5,5,39,289,76.1245674740484,220,109.3,46,4,31,1,3,0,16,0,0,0,0,0,0,0,0,0,0,0,0,0,0,0,0,0,1,0,0,0,0,0,0,0,0,0,0,0,0,0,0,0,0,0,0,0,0
231,Tottenham,2,10,6,3,1,0,5,0,39,638,87.6175548589342,559,109,37,8,11,2,2,0,13,0,0,0,0,0,0,0,0,0,0,0,0,0,0,0,0,0,1,0,0,0,0,0,0,0,0,0,0,0,0,0,0,0,0,0,0,0,0
232,Tottenham,0,16,8,5,3,0,8,3,39,528,81.0606060606061,428,103.4,30,1,17,6,0,0,5,0,0,0,0,0,0,0,0,0,1,0,0,0,0,0,0,0,0,0,0,0,0,0,0,0,0,0,0,0,0,0,0,0,0,0,0,0,0
233,Liverpool,2,14,3,5,6,0,8,2,39,280,67.5,189,105.1,37,1,23,3,0,0,6,0,0,0,0,0,0,0,0,0,1,0,0,0,0,0,0,0,0,0,0,0,0,0,0,0,0,0,0,0,0,0,0,0,0,0,0,0,0
234,Ajax,2,16,4,5,7,1,6,2,39,390,79.2307692307692,309,117.9,60,4,24,7,3,0,13,0,0,0,0,0,0,0,0,0,0,0,0,0,0,0,0,1,0,0,0,0,0,0,0,0,0,0,0,0,0,0,0,0,0,0,0,0,0
235,Tottenham,3,19,7,5,7,2,6,1,39,566,84.452296819788,478,114.9,53,0,12,7,2,0,12,0,0,0,0,0,0,0,0,0,0,0,0,0,0,0,0,1,0,0,0,0,0,0,0,0,0,0,0,0,0,0,0,0,0,0,0,0,0
236,Liverpool,4,13,7,3,3,0,7,1,39,468,76.4957264957265,358,112.1,51,4,15,1,2,0,12,1,0,0,0,0,0,0,0,0,0,0,0,0,0,0,0,0,0,0,0,0,0,0,0,0,0,0,0,0,0,0,0,0,0,0,0,0,0
237,Barcelona,0,9,5,3,1,0,7,2,39,622,82.3151125401929,512,105.4,48,1,24,3,3,0,9,1,0,0,0,0,0,0,0,0,0,0,0,0,0,0,0,0,0,0,0,0,0,0,0,0,0,0,0,0,0,0,0,0,0,0,0,0,0
238,Barcelona,3,11,5,4,2,1,3,2,39,545,83.8532110091743,457,109.7,50,7,24,5,3,0,11,0,0,0,0,0,0,0,1,0,0,0,0,0,0,0,0,0,0,0,0,0,0,0,0,0,0,0,0,0,0,0,0,0,0,0,0,0,0
239,Liverpool,0,12,3,4,5,1,3,1,39,593,81.2816188870152,482,111.1,49,4,7,2,1,0,15,0,0,0,0,0,0,0,1,0,0,0,0,0,0,0,0,0,0,0,0,0,0,0,0,0,0,0,0,0,0,0,0,0,0,0,0,0,0
240,Tottenham,0,12,1,7,4,0,3,0,39,476,73.9495798319328,352,113.7,58,1,22,5,0,0,14,0,0,0,0,0,0,0,0,0,0,0,0,0,0,0,0,0,0,0,0,0,0,0,0,0,0,0,0,0,0,0,0,0,0,0,1,0,0
241,Ajax,1,14,2,7,5,1,3,5,39,468,77.7777777777778,364,115.3,60,2,18,4,2,0,14,0,0,0,0,0,0,0,0,0,0,0,0,0,0,0,0,0,0,0,0,0,0,0,0,0,0,0,0,0,0,0,0,0,0,0,1,0,0
242,Porto,1,20,8,8,4,0,6,2,39,473,78.4355179704017,371,108.9,58,1,11,1,1,0,16,0,0,0,0,0,0,0,0,0,0,0,0,0,1,0,0,0,0,0,0,0,0,0,0,0,0,0,0,0,0,0,0,0,0,0,0,0,0
243,Liverpool,4,14,5,8,1,0,6,2,39,449,77.5055679287305,348,112.3,51,2,17,4,1,0,13,0,0,0,0,0,0,0,0,0,0,0,0,0,1,0,0,0,0,0,0,0,0,0,0,0,0,0,0,0,0,0,0,0,0,0,0,0,0
244,Man. City,4,20,8,8,4,0,4,3,39,593,90.3878583473862,536,111.1,44,6,12,2,0,0,8,0,0,0,0,0,0,0,0,1,0,0,0,0,0,0,0,0,0,0,0,0,0,0,0,0,0,0,0,0,0,0,0,0,0,0,0,0,0
245,Tottenham,3,16,6,8,2,0,4,2,39,322,80.7453416149068,260,113.4,44,4,22,4,4,0,13,0,0,0,0,0,0,0,0,1,0,0,0,0,0,0,0,0,0,0,0,0,0,0,0,0,0,0,0,0,0,0,0,0,0,0,0,0,0
246,Juventus,1,11,2,4,5,0,4,1,39,426,78.169014084507,333,108.4,44,5,10,3,2,0,14,0,0,0,0,0,0,0,0,0,0,0,0,0,0,0,0,0,1,0,0,0,0,0,0,0,0,0,0,0,0,0,0,0,0,0,0,0,0
247,Ajax,2,11,4,4,3,0,4,3,39,410,79.5121951219512,326,110.7,50,4,23,5,0,0,12,0,0,0,0,0,0,0,0,0,0,0,0,0,0,0,0,0,1,0,0,0,0,0,0,0,0,0,0,0,0,0,0,0,0,0,0,0,0
248,Barcelona,3,13,6,4,3,0,8,0,39,809,92.336217552534,747,103.7,37,3,8,3,1,0,10,0,0,0,0,0,0,0,1,0,0,0,0,0,0,0,0,0,0,0,0,0,0,0,0,0,0,0,0,0,0,0,0,0,0,0,0,0,0
249,Man. United,0,10,3,4,3,1,8,3,39,415,88.1927710843373,366,106.5,39,4,19,3,0,0,15,0,0,0,0,0,0,0,1,0,0,0,0,0,0,0,0,0,0,0,0,0,0,0,0,0,0,0,0,0,0,0,0,0,0,0,0,0,0
250,Man. United,0,10,0,7,3,0,2,2,39,411,81.2652068126521,334,106.3,41,3,7,0,3,0,16,0,0,0,0,0,0,0,0,0,0,0,0,0,0,0,0,0,0,0,0,0,0,0,1,0,0,0,0,0,0,0,0,0,0,0,0,0,0
251,Barcelona,1,10,3,7,0,0,2,0,39,807,91.6976456009913,740,104,30,1,24,3,2,0,11,0,0,0,0,0,0,0,0,0,0,0,0,0,0,0,0,0,0,0,0,0,0,0,1,0,0,0,0,0,0,0,0,0,0,0,0,0,0
252,Ajax,1,18,6,9,3,0,4,4,39,611,85.924713584288,525,112.1,52,4,11,1,4,0,15,0,0,0,0,0,0,0,0,0,0,0,0,0,0,0,0,1,0,0,0,0,0,0,0,0,0,0,0,0,0,0,0,0,0,0,0,0,0
253,Juventus,1,11,1,9,1,1,4,0,39,392,79.3367346938776,311,112,45,3,16,3,1,0,10,0,0,0,0,0,0,0,0,0,0,0,0,0,0,0,0,1,0,0,0,0,0,0,0,0,0,0,0,0,0,0,0,0,0,0,0,0,0
254,Tottenham,1,13,4,5,4,0,3,2,39,386,80.3108808290155,310,111.9,49,4,21,4,1,0,9,0,0,0,0,0,0,0,0,0,0,0,0,0,0,0,0,0,0,0,0,0,0,0,0,0,0,0,0,0,0,0,0,0,0,0,1,0,0
255,Man. City,0,11,2,5,4,0,3,6,39,569,87.8734622144112,500,107.6,43,1,20,4,2,0,11,0,0,0,0,0,0,0,0,0,0,0,0,0,0,0,0,0,0,0,0,0,0,0,0,0,0,0,0,0,0,0,0,0,0,0,1,0,0
256,Liverpool,2,14,3,4,7,0,4,4,39,669,84.4544095665172,565,107.5,52,2,17,1,0,0,9,1,0,0,0,0,0,0,0,0,0,0,0,0,0,0,0,0,0,0,0,0,0,0,0,0,0,0,0,0,0,0,0,0,0,0,0,0,0
257,Porto,0,8,3,4,1,0,4,2,39,368,71.4673913043478,263,109.3,56,2,22,7,2,0,7,1,0,0,0,0,0,0,0,0,0,0,0,0,0,0,0,0,0,0,0,0,0,0,0,0,0,0,0,0,0,0,0,0,0,0,0,0,0
258,Barcelona,5,20,9,6,5,0,6,4,39,606,88.2838283828383,535,103.4,46,7,9,3,1,0,11,0,0,0,0,0,0,0,1,0,0,0,0,0,0,0,0,0,0,0,0,0,0,0,0,0,0,0,0,0,0,0,0,0,0,0,0,0,0
259,Lyon,1,11,2,6,3,0,6,2,39,497,86.317907444668,429,105.5,47,1,6,5,2,0,18,0,0,0,0,0,0,0,1,0,0,0,0,0,0,0,0,0,0,0,0,0,0,0,0,0,0,0,0,0,0,0,0,0,0,0,0,0,0
260,Bayern,1,6,1,2,3,0,2,5,39,599,85.9766277128548,515,113,57,4,19,1,2,0,7,0,0,0,0,0,0,0,0,0,0,0,0,0,0,0,1,0,0,0,0,0,0,0,0,0,0,0,0,0,0,0,0,0,0,0,0,0,0
261,Liverpool,3,9,6,2,1,0,2,2,39,424,78.5377358490566,333,115.4,47,4,17,3,3,0,14,0,0,0,0,0,0,0,0,0,0,0,0,0,0,0,1,0,0,0,0,0,0,0,0,0,0,0,0,0,0,0,0,0,0,0,0,0,0
262,Juventus,3,15,4,7,4,0,5,0,39,577,83.8821490467938,484,109.5,59,3,9,1,1,0,12,0,0,0,0,0,0,0,0,0,0,0,0,0,0,0,0,0,1,0,0,0,0,0,0,0,0,0,0,0,0,0,0,0,0,0,0,0,0
263,Atlético,0,8,0,7,1,0,5,2,39,340,74.7058823529412,254,109.9,52,8,22,4,3,0,17,0,0,0,0,0,0,0,0,0,0,0,0,0,0,0,0,0,1,0,0,0,0,0,0,0,0,0,0,0,0,0,0,0,0,0,0,0,0
264,Man. City,7,15,11,2,2,1,3,2,39,794,92.6952141057935,736,103.6,42,1,7,0,2,0,10,0,0,0,0,0,0,0,0,1,0,0,0,0,0,0,0,0,0,0,0,0,0,0,0,0,0,0,0,0,0,0,0,0,0,0,0,0,0
265,Schalke,0,2,0,2,0,0,3,1,39,309,75.7281553398058,234,99.3,43,4,8,2,1,0,7,0,0,0,0,0,0,0,0,1,0,0,0,0,0,0,0,0,0,0,0,0,0,0,0,0,0,0,0,0,0,0,0,0,0,0,0,0,0
266,Paris,1,11,4,5,2,1,4,4,39,759,91.5678524374177,695,108.5,42,8,7,1,3,0,9,0,0,0,0,0,0,0,0,0,0,0,0,0,0,0,0,0,0,0,0,0,0,0,0,0,0,1,0,0,0,0,0,0,0,0,0,0,0
267,Man. United,3,10,4,5,1,0,4,2,39,282,80.1418439716312,226,112.3,34,2,17,2,1,0,15,0,0,0,0,0,0,0,0,0,0,0,0,0,0,0,0,0,0,0,0,0,0,0,0,0,0,1,0,0,0,0,0,0,0,0,0,0,0
268,Porto,3,28,9,14,5,0,10,1,39,570,85.0877192982456,485,143,56,1,31,8,4,0,19,0,0,0,0,0,0,0,0,0,0,0,0,0,1,0,0,0,0,0,0,0,0,0,0,0,0,0,0,0,0,0,0,0,0,0,0,0,0
269,Roma,1,23,1,14,8,0,10,2,39,387,77.5193798449613,300,141.8,55,1,33,5,5,0,20,0,0,0,0,0,0,0,0,0,0,0,0,0,1,0,0,0,0,0,0,0,0,0,0,0,0,0,0,0,0,0,0,0,0,0,0,0,0
270,Dortmund,0,20,6,5,9,0,10,4,39,788,89.8477157360406,708,112.9,51,2,7,1,0,0,4,0,0,0,0,1,0,0,0,0,0,0,0,0,0,0,0,0,0,0,0,0,0,0,0,0,0,0,0,0,0,0,0,0,0,0,0,0,0
271,Tottenham,1,7,1,5,1,0,10,2,39,429,83.4498834498835,358,116.4,47,7,23,9,0,0,3,0,0,0,0,1,0,0,0,0,0,0,0,0,0,0,0,0,0,0,0,0,0,0,0,0,0,0,0,0,0,0,0,0,0,0,0,0,0
272,Real Madrid,1,20,7,10,3,2,6,1,39,539,79.7773654916512,430,105.3,42,5,11,2,3,1,12,0,0,0,0,0,0,0,0,0,0,0,1,0,0,0,0,0,0,0,0,0,0,0,0,0,0,0,0,0,0,0,0,0,0,0,0,0,0
273,Ajax,4,20,8,10,2,0,6,7,39,405,78.2716049382716,317,115.3,45,6,29,3,1,0,11,0,0,0,0,0,0,0,0,0,0,0,1,0,0,0,0,0,0,0,0,0,0,0,0,0,0,0,0,0,0,0,0,0,0,0,0,0,0
274,Atlético,2,13,5,4,4,1,8,1,39,323,74.3034055727554,240,108.4,33,9,16,3,3,0,12,0,0,0,0,0,0,0,0,0,1,0,0,0,0,0,0,0,0,0,0,0,0,0,0,0,0,0,0,0,0,0,0,0,0,0,0,0,0
275,Juventus,0,10,3,4,3,0,8,0,39,546,89.9267399267399,491,105.2,34,1,20,4,1,0,16,0,0,0,0,0,0,0,0,0,1,0,0,0,0,0,0,0,0,0,0,0,0,0,0,0,0,0,0,0,0,0,0,0,0,0,0,0,0
276,Schalke,2,7,2,1,4,0,2,2,39,307,81.4332247557003,250,107.3,42,8,20,8,3,0,11,0,1,0,0,0,0,0,0,0,0,0,0,0,0,0,0,0,0,0,0,0,0,0,0,0,0,0,0,0,0,0,0,0,0,0,0,0,0
277,Man. City,3,16,6,1,9,0,2,0,39,635,89.2913385826772,567,106.2,37,1,12,4,4,1,9,0,1,0,0,0,0,0,0,0,0,0,0,0,0,0,0,0,0,0,0,0,0,0,0,0,0,0,0,0,0,0,0,0,0,0,0,0,0
278,Lyon,0,5,2,2,1,1,2,0,39,423,81.5602836879433,345,107.2,35,2,28,8,2,0,13,0,0,0,0,0,0,0,0,0,0,0,0,0,0,0,0,0,0,0,0,0,1,0,0,0,0,0,0,0,0,0,0,0,0,0,0,0,0
279,Barcelona,0,15,5,2,8,0,2,1,39,700,88.8571428571429,622,102,42,2,12,1,2,0,11,0,0,0,0,0,0,0,0,0,0,0,0,0,0,0,0,0,0,0,0,0,1,0,0,0,0,0,0,0,0,0,0,0,0,0,0,0,0
280,Liverpool,0,16,2,11,3,0,5,1,39,503,80.1192842942346,403,110.9,44,3,9,2,1,0,10,1,0,0,0,0,0,0,0,0,0,0,0,0,0,0,0,0,0,0,0,0,0,0,0,0,0,0,0,0,0,0,0,0,0,0,0,0,0
281,Bayern,0,14,1,11,2,0,5,2,39,530,84.5283018867925,448,111.8,46,3,26,3,1,0,13,1,0,0,0,0,0,0,0,0,0,0,0,0,0,0,0,0,0,0,0,0,0,0,0,0,0,0,0,0,0,0,0,0,0,0,0,0,0
282,Tottenham,3,16,6,5,5,0,6,3,39,619,89.1760904684976,552,113.3,51,7,9,0,1,0,13,0,0,0,0,0,0,0,0,0,0,0,0,0,0,0,0,0,0,0,0,0,0,0,0,0,0,0,0,0,0,0,0,0,0,0,0,0,1
283,Dortmund,0,11,6,5,0,0,6,1,39,545,87.5229357798165,477,114.6,43,1,9,5,1,0,5,0,0,0,0,0,0,0,0,0,0,0,0,0,0,0,0,0,0,0,0,0,0,0,0,0,0,0,0,0,0,0,0,0,0,0,0,0,1
284,Ajax,1,19,7,10,2,1,3,5,39,547,84.2778793418647,461,111.4,63,3,5,2,1,0,10,0,0,0,0,0,0,0,0,0,0,0,0,0,0,0,0,1,0,0,0,0,0,0,0,0,0,0,0,0,0,0,0,0,0,0,0,0,0
285,Real Madrid,2,20,8,10,2,0,3,0,39,550,84.9090909090909,467,106.2,52,5,20,2,3,0,11,0,0,0,0,0,0,0,0,0,0,0,0,0,0,0,0,1,0,0,0,0,0,0,0,0,0,0,0,0,0,0,0,0,0,0,0,0,0
286,Roma,2,13,9,4,0,2,1,1,39,346,76.3005780346821,264,113.2,39,0,8,3,1,0,11,0,0,0,0,0,0,0,0,0,0,0,0,0,0,0,0,0,0,0,0,0,0,0,0,0,0,0,0,0,0,1,0,0,0,0,0,0,0
287,Porto,1,9,2,4,3,0,1,0,39,487,83.5728952772074,407,112,50,2,14,0,1,0,13,0,0,0,0,0,0,0,0,0,0,0,0,0,0,0,0,0,0,0,0,0,0,0,0,0,0,0,0,0,0,1,0,0,0,0,0,0,0
288,Man. United,0,10,1,5,4,0,3,2,39,449,84.4097995545657,379,100.8,43,0,8,3,6,1,17,0,0,0,0,0,0,0,0,0,0,0,0,0,0,0,0,0,0,0,0,0,0,0,1,0,0,0,0,0,0,0,0,0,0,0,0,0,0
289,Paris,2,13,5,5,3,0,3,1,39,570,87.3684210526316,498,102.7,44,6,23,4,4,0,7,0,0,0,0,0,0,0,0,0,0,0,0,0,0,0,0,0,0,0,0,0,0,0,1,0,0,0,0,0,0,0,0,0,0,0,0,0,0
