Player,Team,Goals,Shots,Shots_Target,Assists,Fouls,Interceptions,Crosses,Time
"Neuer

 (GK)",Bayern,0,0,0,0,0,0,0,75.6953883171082
Pavard,Bayern,0,0.555155657231808,0,0,0.884667277336121,1.53559583425522,0,74.2663961648941
Thiago Alcántara,Bayern,0,0.800114169716835,0.255945712327957,0,0.945993572473526,1.2944622784853,1.46543988958001,69.0569913387299
Lewandowski,Bayern,1,1.1466788649559,0.400879859924316,0,0.948556110262871,1.09874247759581,1.24287977814674,71.9750693440437
Boateng,Bayern,1,1.50948277115822,0.505144834518433,0,0.9818185120821,0.909922666847706,1.8441641703248,72.321600317955
Davies,Bayern,0,1.26103165745735,0.501211583614349,0,0.945356354117394,0.80873529613018,1.47456331178546,70.5935037136078
Gnabry,Bayern,0,1.01808321475983,0.405882507562637,0,0.872723110020161,0.924411326646805,1.77217181771994,70.3800877928734
Müller,Bayern,0,1.05234467983246,0.337860882282257,0,0.97624272108078,0.984097540378571,1.769177056849,71.5053486824036
Alaba,Bayern,0,0.854526974260807,0.298961877822876,0,1.0083379149437,1.24961394071579,1.40488399192691,73.6017668247223
Coman,Bayern,0,0.757824838161469,0.238723278045654,0,0.876229271292686,1.25273467600346,1.29141099750996,72.4646133184433
Kimmich,Bayern,0,0.658197589218617,0.25532191991806,0,0.800373792648315,1.33657343685627,1.06794387102127,68.8674703240395
"Ulreich

 (GK)",Bayern,0,0,0,0,0,0,0,13.0337501689792
Odriozola,Bayern,0,0.227477174252272,0,0,0.593372955918312,0.89277321100235,0,39.9284154176712
Coutinho,Bayern,0,0.501864790916443,0.209780216217041,0,0.614471517503262,0.57365807145834,0,35.7702493667603
Goretzka,Bayern,0,0.655508056282997,0,0,0.527108140289784,0.458562579005957,0,32.7689024806023
Hernández,Bayern,0,0,0,0,0.417358256876469,0.296036159619689,0,26.8295411765575
Tolisso,Bayern,0,0,0.103867620229721,0,0.503827556967735,0.474068850278854,0,30.7432436943054
Zirkzee,Bayern,0,0,0.056529730558395,0,0.389729876071215,0.279506601393223,0,22.5617745518684
"Caballero

 (GK)",Chelsea,0,0,0,0,0,0,0,78.5598433017731
Rüdiger,Chelsea,0,0.412544175982475,0,0,0.962228924036026,1.39231492578983,0.832359306514263,73.4030812978745
Alonso,Chelsea,0,0.90901592373848,0.303375899791718,0,0.838231280446053,1.41166204214096,1.081014983356,71.302036345005
A. Christensen,Chelsea,0,1.25330148637295,0.390044867992401,0,1.02686397731304,1.24224179983139,1.52765950188041,72.8503796458244
Jorginho,Chelsea,1,1.62834313511848,0.52894538640976,0.107183586806059,0.96298286318779,0.824985608458519,1.49320084601641,74.8301473259926
Barkley,Chelsea,0,1.36775431036949,0.574395179748535,0,1.11422798037529,0.756130360066891,1.35304694995284,72.5067138671875
Kovačić,Chelsea,0,1.10190773010254,0.449502050876617,0,0.964050874114037,0.973910853266716,1.73124112188816,72.4919766187668
Giroud,Chelsea,0,1.00521868467331,0.296012669801712,0,0.977442264556885,1.10715669393539,1.64018180221319,71.534871160984
Mount,Chelsea,0,0.872689679265022,0.35929137468338,0,1.25314116477966,1.29469642788172,1.59976128488779,77.6605695486069
James,Chelsea,0,0.820875555276871,0.296432435512543,0,1.03480120003223,1.28087112307549,0,74.5441555976868
Azpilicueta,Chelsea,0,0.651123829185963,0.248899459838867,0,0.918133392930031,1.22593559324741,1.17835393175483,69.320849776268
"Kepa

 (GK)",Chelsea,0,0,0,0,0,0,0,0
Abraham,Chelsea,0,0,0.116212263703346,0,0.458628185093403,0.628602206707001,0,33.0029402673244
Willian,Chelsea,0,0.709235712885857,0.257854700088501,0,0.475822441279888,0.426552873104811,0,35.1775069534779
Pedro Rodríguez,Chelsea,0,0,0.119590252637863,0,0.540953323245049,0.558661323040724,0.697009870782494,34.0238511562347
Zouma,Chelsea,0,0,0.17613822221756,0,0.500712029635906,0,0,31.5525825321674
Emerson,Chelsea,0,0,0.173843443393707,0,0.471790306270123,0,0,28.0462792515755
Gilmour,Chelsea,0,0,0,0,0,0,0,19.2265775799751
"Szczęsny

 (GK)",Juventus,0,0,0,0,0,0,0,75.5252724885941
De Ligt,Juventus,0,0.551984950900078,0,0,0.881092429161072,1.53325761854649,0,74.2121013998985
Pjanić,Juventus,0,0.799343436956405,0.255594342947006,0,0.94166374206543,1.28805189579725,1.46878939121962,68.9311558008194
Ronaldo,Juventus,1,1.14905771613121,0.401904582977295,0,0.948913052678108,1.09955687820911,1.23083340004087,71.911438703537
Dybala,Juventus,1,1.50910893082619,0.50352543592453,0,0.98035204410553,0.910094857215881,1.84747837483883,72.174508869648
Alex Sandro,Juventus,0,1.24990281462669,0.497637987136841,0,0.941315978765488,0.805874034762383,1.47530110552907,70.5594778060913
Danilo,Juventus,0,1.01928713917732,0.406385958194733,0,0.87088655680418,0.921771183609962,1.7656285315752,70.2987724542618
Cuadrado,Juventus,0,1.04660314321518,0.33678412437439,0,0.972131937742233,0.982236638665199,1.77775975316763,71.4185565710068
Bonucci,Juventus,0,0.853997871279717,0.29938879609108,0,1.00714901089668,1.24848163127899,1.39999641105533,73.4990721940994
Rabiot,Juventus,0,0.76060626655817,0.239782124757767,0,0.877441644668579,1.25121971219778,1.29956137388945,72.3750039935112
Bentancur,Juventus,0,0.663312911987305,0.256831556558609,0,0.799153074622154,1.33029164373875,1.06622958555818,68.8110437989235
"Buffon

 (GK)",Juventus,0,0,0,0,0,0,0,13.2217229157686
De Sciglio,Juventus,0,0.228335864841938,0,0,0.59454371035099,0.894239984452724,0,40.0686112046242
Ramsey,Juventus,0,0.502680949866772,0.209387913346291,0,0.615277662873268,0.579221475869417,0,35.8423316478729
Matuidi,Juventus,0,0.655528396368027,0,0,0.52844500541687,0.46210416033864,0,32.8535422682762
Higuaín,Juventus,0,0,0,0,0.418430387973785,0.287796694785357,0,26.8551925569773
Rugani,Juventus,0,0,0.105722188949585,0,0.503992572426796,0.47239276021719,0,30.7299664616585
Bernardeschi,Juventus,0,0,0.061633806675673,0,0.39534817263484,0.291910536587238,0,22.780182287097
"Lopes

 (GK)",Lyon,0,0,0,0,0,0,0,78.4524670243263
Denayer,Lyon,0,0.399559065699577,0,0,0.961319357156754,1.38971674442291,0.824328698217869,73.2655245065689
Marcelo,Lyon,0,0.906758904457092,0.306316822767258,0,0.841055005788803,1.40537533164024,1.08302477747202,71.2163957953453
Aouar,Lyon,0,1.25112822651863,0.38748961687088,0,1.02836622297764,1.2435198277235,1.52028296142817,72.7637657523155
Dembélé,Lyon,0,1.62833875417709,0.529013276100159,0.104541152715683,0.962623625993728,0.822277031838894,1.49633921682835,74.7776073217392
Dubois,Lyon,0,1.36652441322804,0.573552846908569,0,1.11418886482716,0.758328840136528,1.36114824563265,72.5234526395798
Marçal,Lyon,0,1.09887872636318,0.448119938373566,0,0.963801681995392,0.972688145935535,1.72313041985035,72.413272857666
Ekambi,Lyon,0,1.007753059268,0.294208884239197,0,0.97832179069519,1.10934386402369,1.63600780069828,71.4325466752052
Cornet,Lyon,0,0.872037127614021,0.359441548585892,0,1.24658477306366,1.28734961152077,1.60482749342918,77.6238498091698
Tousart,Lyon,0,0.827961206436157,0.295121192932129,0,1.03215208649635,1.28000222146511,0,74.5140093564987
Bruno Guimarães,Lyon,0,0.650537773966789,0.247780293226242,0,0.918745160102844,1.21951676905155,1.17165809497237,69.1240355372429
"Tătăruşanu

 (GK)",Lyon,0,0,0,0,0,0,0,0
Andersen,Lyon,0,0,0.117444485425949,0,0.454657591879368,0.627763383090496,0,33.0295872688293
Terrier,Lyon,0,0.71187449991703,0.25853356719017,0,0.474271431565285,0.429923534393311,0,35.1303511857986
Traoré,Lyon,0,0,0.120563089847565,0,0.539544224739075,0.559922017157078,0.694667780771852,33.9834231138229
Mendes,Lyon,0,0,0.17508938908577,0,0.502847112715244,0,0,31.5913243591785
Tete,Lyon,0,0,0.171783432364464,0,0.473285458981991,0,0,28.1476766616106
Caqueret,Lyon,0,0,0,0,0,0,0,19.2688563466072
"Ederson

 (GK)",Man. City,0,0,0,0,0,0,0,75.5131262540817
Walker,Man. City,0,0.552679851651192,0,0,0.881163775920868,1.53361576795578,0,74.2148706316948
Gündoğan,Man. City,0,0.799560450017452,0.255498111248016,0,0.941986784338951,1.28790789842606,1.46933384239674,68.9231497049332
Jesus,Man. City,1,1.14888268709183,0.401915788650513,0,0.948134183883667,1.10082556307316,1.2307214550674,71.9077989459038
Laporte,Man. City,1,1.50835551321507,0.503633260726929,0,0.980251908302307,0.90944617241621,1.8475204706192,72.1743100881577
Rodri,Man. City,0,1.25024849176407,0.498138666152954,0,0.941518232226372,0.805454418063164,1.47410277277231,70.5617123842239
De Bruyne,Man. City,0,1.0187084376812,0.406106054782867,0,0.870788767933846,0.922011643648148,1.76434069871902,70.2876406908035
Bernardo Silva,Man. City,0,1.04627874493599,0.336821794509888,0,0.971918523311615,0.982443824410438,1.77578330039978,71.409378349781
B. Mendy,Man. City,0,0.853971898555756,0.29943436384201,0,1.00655101239681,1.24839377403259,1.39810582622886,73.4932526946068
Mahrez,Man. City,0,0.75987397134304,0.239676922559738,0,0.877495050430298,1.25114382058382,1.29937520250678,72.3581829667091
Otamendi,Man. City,0,0.663791060447693,0.256738692522049,0,0.798835352063179,1.3304035961628,1.06503209099174,68.8040864467621
"Bravo

 (GK)",Man. City,0,0,0,0,0,0,0,13.2119175046682
Sterling,Man. City,0,0.227684903889894,0,0,0.59419933706522,0.89374914765358,0,40.0588503479958
Agüero,Man. City,0,0.502721264958382,0.209401980042458,0,0.614863246679306,0.579683791846037,0,35.8248046040535
David Silva,Man. City,0,0.655742436647415,0,0,0.528264343738556,0.461603693664074,0,32.8479798138142
Fernandinho,Man. City,0,0,0,0,0.417797863483429,0.287478867918253,0,26.8510095775127
João Cancelo,Man. City,0,0,0.105538412928581,0,0.503676101565361,0.472351618111134,0,30.718546807766
Foden,Man. City,0,0,0.061865232884884,0,0.395031310617924,0.291569024324417,0,22.7645693719387
"Courtois

 (GK)",Real Madrid,0,0,0,0,0,0,0,78.4453862905502
Carvajal,Real Madrid,0,0.400353528559208,0,0,0.96148082613945,1.39019832015038,0.824443716555834,73.266264796257
Ramos,Real Madrid,0,0.90662956237793,0.306251019239426,0,0.840850509703159,1.40591378509998,1.08007825911045,71.2282335758209
Varane,Real Madrid,0,1.25081676244736,0.387003690004349,0,1.02851486206055,1.24388551712036,1.52132324874401,72.7598449587822
Benzema,Real Madrid,1,1.62802270054817,0.528954446315765,0.104660578072071,0.963012173771858,0.822662964463234,1.49749722331762,74.7655296325684
Modrić,Real Madrid,1,1.36586236953735,0.573622524738312,0,1.1140201985836,0.757641144096851,1.35987661778927,72.506138086319
Casemiro,Real Madrid,0,1.09849497675896,0.447808742523193,0,0.963400512933731,0.972944259643555,1.72345042228699,72.3898577690125
Valverde,Real Madrid,0,1.00763529539108,0.294371157884598,0,0.978128612041473,1.10930690169334,1.63563601672649,71.4397782087326
Isco,Real Madrid,0,0.871973864734173,0.359499931335449,0,1.24670347571373,1.2863659709692,1.60373356193304,77.6110112667084
Mendy,Real Madrid,0,0.826906755566597,0.295282483100891,0,1.03164055943489,1.27979388833046,0,74.4966742396355
Vinícius Júnior,Real Madrid,0,0.65099923312664,0.247663497924805,0,0.918582335114479,1.21979140490294,1.17353992536664,69.1152822971344
"Areola

 (GK)",Real Madrid,0,0,0,0,0,0,0,0
Éder Militão,Real Madrid,0,0,0.117024183273315,0,0.454904071986675,0.628753744065762,0,33.0172045528889
Kroos,Real Madrid,0,0.711777858436108,0.258014619350433,0,0.47411585599184,0.429314680397511,0,35.1113504171371
Bale,Real Madrid,0,0,0.119458884000778,0,0.539739906787872,0.56036040186882,0.691149244084954,33.9685624837875
Marcelo,Real Madrid,0,0,0.175241038203239,0,0.502860516309738,0,0,31.5901762247086
Lucas Vázquez,Real Madrid,0,0,0.171308323740959,0,0.473473995923996,0,0,28.1531140208244
Jović,Real Madrid,0,0,0,0,0,0,0,19.2662139236927
"Ter Stegen

 (GK)",Barcelona,0,0,0,0,0,0,0,75.5321133136749
Semedo,Barcelona,0,0.553655236959457,0,0,0.881645366549492,1.53359396755695,0,74.197096824646
Piqué,Barcelona,0,0.799120895564556,0.255624890327454,0,0.943310454487801,1.28955014050007,1.46963968873024,68.9508557319641
Rakitić,Barcelona,1,1.14775209128857,0.401686310768127,0,0.947924003005028,1.09817583113909,1.23625993728638,71.890532374382
Sergio Busquets,Barcelona,1,1.50731556117535,0.503793954849243,0,0.980372592806816,0.908212155103684,1.84603743255138,72.2007411718369
Messi,Barcelona,0,1.25420781970024,0.498702764511108,0,0.943136781454086,0.80699085444212,1.47452969104052,70.5590322613716
Griezmann,Barcelona,0,1.01968225836754,0.406059622764587,0,0.872494518756866,0.922929391264915,1.76557116210461,70.297908782959
F. de Jong,Barcelona,0,1.0489761531353,0.337289243936539,0,0.973701149225235,0.982231393456459,1.77265089005232,71.443980038166
Vidal,Barcelona,0,0.855347096920013,0.298981964588165,0,1.0069592744112,1.24911376088858,1.40115078538656,73.489585518837
Umtiti,Barcelona,0,0.758889511227608,0.238919734954834,0,0.876544073224068,1.25136370956898,1.29524320363998,72.3882812261581
Junior Firpo,Barcelona,0,0.662008747458458,0.256844371557236,0,0.798256859183311,1.33110317587852,1.06464391574264,68.7827071547508
"Neto

 (GK)",Barcelona,0,0,0,0,0,0,0,13.1669440492988
Arthur,Barcelona,0,0.231385417282581,0,0,0.593515336513519,0.893130376935005,0,40.0041477382183
Lenglet,Barcelona,0,0.50159166008234,0.209658518433571,0,0.614637315273285,0.577888742089271,0,35.7926397025585
Ricard Puig,Barcelona,0,0.656180061399937,0,0,0.527668170630932,0.46131594479084,0,32.8206884860992
Fati,Barcelona,0,0,0,0,0.418096054345369,0.290867108851671,0,26.8396653234959
Ronald Araújo,Barcelona,0,0,0.105333939194679,0,0.50410783290863,0.473339930176735,0,30.7111850380898
Akieme,Barcelona,0,0,0.059783667325974,0,0.393164247274399,0.285034067928791,0,22.6761184632778
"Ospina

 (GK)",Napoli,0,0,0,0,0,0,0,78.454153239727
Demme,Napoli,0,0.40385515242815,0,0,0.961397901177406,1.38950070738792,0.830123852938414,73.2824346423149
Mário Rui,Napoli,0,0.906153708696365,0.304456621408462,0,0.839547701179981,1.40818201005459,1.08044780790806,71.2149837613106
Callejón,Napoli,0,1.2532417178154,0.389008074998856,0,1.02734264731407,1.24150460213423,1.52347600087523,72.7907863259316
Fabián Ruiz,Napoli,1,1.6290645301342,0.528982639312744,0.105402007699013,0.96348187327385,0.823475070297718,1.49740781635046,74.7708761692047
Mertens,Napoli,0,1.36537712812424,0.57306981086731,0,1.11471363902092,0.756302632391453,1.35677959769964,72.4775683879852
Maksimović,Napoli,0,1.09924224019051,0.448257803916931,0,0.963296517729759,0.973280116915703,1.7255000770092,72.3948615789413
Zieliński,Napoli,0,1.00402195751667,0.294104546308517,0,0.97796505689621,1.10826621949673,1.63374021649361,71.444206237793
Di Lorenzo,Napoli,0,0.873869560658932,0.359856724739075,0,1.24902328848839,1.28888358920813,1.60272065550089,77.6138696074486
Insigne,Napoli,0,0.825470224022865,0.296482533216476,0,1.03262293338776,1.28198048472404,0,74.4749316573143
Manolas,Napoli,0,0.650308035314083,0.248245269060135,0,0.917180851101875,1.22248154133558,1.17646036669612,69.171462059021
"Meret

 (GK)",Napoli,0,0,0,0,0,0,0,0
Allan,Napoli,0,0,0.117109060287476,0,0.455911949276924,0.628587536513805,0,33.0203267931938
Elmas,Napoli,0,0.710502326488495,0.258031666278839,0,0.475060261785984,0.427779227495194,0,35.1264886558056
Luperto,Napoli,0,0,0.121158182621002,0,0.540123395621777,0.559283576905727,0.692369416356087,33.9858427643776
Politano,Napoli,0,0,0.175536274909973,0,0.5019621104002,0,0,31.5758228302002
Hysaj,Napoli,0,0,0.173107162117958,0,0.472934722900391,0,0,28.1174241751432
Milik,Napoli,0,0,0,0,0,0,0,19.2596644163132
"Ter Stegen

 (GK)",Barcelona,0,0,0,0,0,0,0,75.4289388656616
Semedo,Barcelona,0,0.553404219448566,0,0,0.879711806774139,1.53207105398178,0,74.1529262065887
Piqué,Barcelona,0,0.79825821518898,0.255185663700104,0,0.942019641399384,1.28654463589191,1.47209074348211,68.8840788602829
Rakitić,Barcelona,1,1.14876794815063,0.40243610739708,0,0.947472557425499,1.0982940942049,1.23277548700571,71.8342292308807
Sergio Busquets,Barcelona,1,1.50572350621223,0.503002166748047,0,0.979549810290337,0.906426981091499,1.84738077223301,72.1342384815216
Messi,Barcelona,0,1.25018444657326,0.497177720069885,0,0.941849827766418,0.805335581302643,1.47469434887171,70.546413064003
Griezmann,Barcelona,0,1.02113151550293,0.40612667798996,0,0.87314561009407,0.922472730278969,1.7608355730772,70.2593725919724
F. de Jong,Barcelona,0,1.04691043496132,0.33709853887558,0,0.972509950399399,0.981134325265884,1.77379250526428,71.4209830760956
Vidal,Barcelona,0,0.855931848287582,0.298717737197876,0,1.00560358166695,1.24945822358131,1.39861460775137,73.424933552742
Umtiti,Barcelona,0,0.760245621204376,0.239126712083817,0,0.876873373985291,1.25028917938471,1.29777742549777,72.3385584354401
Junior Firpo,Barcelona,0,0.664813958108425,0.258026033639908,0,0.79655684530735,1.32769034802914,1.06086628511548,68.7263697385788
"Neto

 (GK)",Barcelona,0,0,0,0,0,0,0,13.2458680123091
Arthur,Barcelona,0,0.236369598656893,0,0,0.592932671308517,0.892589464783669,0,40.0508579611778
Lenglet,Barcelona,0,0.501480102539063,0.209706664085388,0,0.614573426544666,0.581810601055622,0,35.8017836511135
Ricard Puig,Barcelona,0,0.657197952270508,0,0,0.527959868311882,0.46290085837245,0,32.8558008372784
Fati,Barcelona,0,0,0,0,0.418474562466145,0.286749988794327,0,26.8621516227722
Ronald Araújo,Barcelona,0,0,0.106761500239372,0,0.504691019654274,0.473208758980036,0,30.6853400170803
Akieme,Barcelona,0,0,0.062130477279425,0,0.394880142062902,0.285906944423914,0,22.7381228655577
"Sportiello

 (GK)",Atalanta,0,0,0,0,0,0,0,78.3904129266739
Caldara,Atalanta,0,0.398779258131981,0,0,0.960889607667923,1.38745146989822,0.829781219363213,73.2154315710068
Palomino,Atalanta,0,0.90445077419281,0.304954528808594,0,0.840278118848801,1.40672400593758,1.0805007070303,71.1695450544357
Gosens,Atalanta,0,1.2543135881424,0.38877210021019,0,1.02790205180645,1.24090328812599,1.52167174965143,72.7745479345322
Gómez,Atalanta,1,1.62989231944084,0.529156625270844,0.104109842330217,0.964070588350296,0.822896048426628,1.50075890123844,74.7388106584549
Freuler,Atalanta,0,1.36417226493359,0.572299420833588,0,1.11509081721306,0.756425976753235,1.35883158072829,72.4420344829559
De Roon,Atalanta,0,1.0968089401722,0.447340279817581,0,0.96293394267559,0.973373875021934,1.7227666452527,72.3305523395538
Djimsiti,Atalanta,0,1.00289814174175,0.292534112930298,0,0.978316053748131,1.10916118323803,1.6302889212966,71.3915771245956
Hateboer,Atalanta,0,0.874905914068222,0.360119521617889,0,1.24687203764915,1.28538224846125,1.60578340291977,77.5939708948135
Iličić,Atalanta,0,0.828639209270477,0.296908855438232,0,1.03108157217503,1.28346405923367,0,74.4260519742966
Pašalić,Atalanta,0,0.649418078362942,0.24797648191452,0,0.916311025619507,1.22095584124327,1.17655918002129,69.0891733765602
"Rossi

 (GK)",Atalanta,0,0,0,0,0,0,0,0
Tameze,Atalanta,0,0,0.117345914244652,0,0.453964047133923,0.628296591341496,0,33.0387791991234
Czyborra,Atalanta,0,0.711705051362515,0.257722288370132,0,0.474587485194206,0.428389802575111,0,35.0864341855049
Muriel,Atalanta,0,0,0.121489673852921,0,0.539763271808624,0.559613861143589,0.684411125257611,33.9609436690807
Malinovskyi,Atalanta,0,0,0.174927681684494,0,0.502107515931129,0,0,31.5914511680603
Castagne,Atalanta,0,0,0.172486931085587,0,0.473635569214821,0,0,28.1732732057571
Zapata,Atalanta,0,0,0,0,0,0,0,19.2854237556458
"Neuer

 (GK)",Bayern,0,0,0,0,0,0,0,75.6601971387863
Pavard,Bayern,0,0.55522632598877,0,0,0.884027868509293,1.53522047400475,0,74.2539963126183
Thiago Alcántara,Bayern,0,0.799993067979813,0.255875796079636,0,0.945749700069428,1.29361935704947,1.46716143935919,69.0389776229858
Lewandowski,Bayern,1,1.14671808481216,0.401062726974487,0,0.94822347164154,1.09857061505318,1.24216033145785,71.9524630904198
Boateng,Bayern,1,1.50868032872677,0.504913687705994,0,0.981590494513512,0.909023113548756,1.84435956180096,72.3031479120255
Davies,Bayern,0,1.26015880703926,0.500851631164551,0,0.945237338542938,0.80834124982357,1.47449327632785,70.5921122431755
Gnabry,Bayern,0,1.01842555403709,0.405819594860077,0,0.873090326786041,0.924374774098396,1.77052691578865,70.3654259443283
Müller,Bayern,0,1.05193412303925,0.337837547063828,0,0.975992903113365,0.98370349407196,1.76893435418606,71.5018939971924
Alaba,Bayern,0,0.855111986398697,0.298874408006668,0,1.00790587067604,1.24965737760067,1.40386251732707,73.5745680332184
Coman,Bayern,0,0.75781586766243,0.238634467124939,0,0.876254618167877,1.25258305668831,1.29158059135079,72.452604174614
Kimmich,Bayern,0,0.659064181149006,0.255753815174103,0,0.799625903367996,1.33548898994923,1.06670213863254,68.8452136516571
"Ulreich

 (GK)",Bayern,0,0,0,0,0,0,0,13.0567282810807
Odriozola,Bayern,0,0.229479108005762,0,0,0.593214720487595,0.892582580447197,0,39.9378061294556
Coutinho,Bayern,0,0.501542791724205,0.209771737456322,0,0.614497646689415,0.57471276819706,0,35.7662634551525
Goretzka,Bayern,0,0.655884921550751,0,0,0.527124986052513,0.4590326808393,0,32.7782315015793
Hernández,Bayern,0,0,0,0,0.417613133788109,0.295522395521402,0,26.8323995172977
Tolisso,Bayern,0,0,0.104284703731537,0,0.503955908119679,0.474243130534887,0,30.7329002022743
Zirkzee,Bayern,0,0,0.057200636714697,0,0.390221662819386,0.279958836734295,0,22.570116519928
"Gulácsi

 (GK)",Leipzig,0,0,0,0,0,0,0,78.5407465696335
Angeliño,Leipzig,0,0.411084331572056,0,0,0.962130978703499,1.39150831103325,0.833191536366939,73.3810234069824
Upamecano,Leipzig,0,0.908199816942215,0.303315430879593,0,0.838382840156555,1.41153894364834,1.07989590615034,71.2884712219238
Sabitzer,Leipzig,0,1.25371131300926,0.389996021986008,0,1.02693459391594,1.24181513488293,1.52737805619836,72.8467535972595
Werner,Leipzig,1,1.62893091142178,0.529018700122833,0.106806982308626,0.963374331593514,0.824900045990944,1.49484910070896,74.8207086324692
Klostermann,Leipzig,0,1.36689585447311,0.573901295661926,0,1.11455769836903,0.755752868950367,1.35304145514965,72.4953627586365
Nkunku,Leipzig,0,1.10114033520222,0.449133455753326,0,0.963929772377014,0.974050588905811,1.73023231327534,72.4668341875076
Schick,Leipzig,0,1.00409153103828,0.295472979545593,0,0.97760383784771,1.1073622405529,1.63809154182673,71.5189892053604
Mukiele,Leipzig,0,0.873442471027374,0.35954886674881,0,1.25271642208099,1.29333250969648,1.60021260380745,77.6506716012955
Halstenberg,Leipzig,0,0.821643576025963,0.296751260757446,0,1.03438428044319,1.28169683367014,0,74.5237976312637
Laimer,Leipzig,0,0.65091036260128,0.248847395181656,0,0.91765920817852,1.22574906051159,1.17926634848118,69.2985382676125
"Mvogo

 (GK)",Leipzig,0,0,0,0,0,0,0,0
Haidara,Leipzig,0,0,0.116354361176491,0,0.458271764218807,0.628994286060333,0,33.0073820054531
Y. Poulsen,Leipzig,0,0.709262728691101,0.257693827152252,0,0.475776128470898,0.426219761371613,0,35.1610320806503
Forsberg,Leipzig,0,0,0.120056763291359,0,0.540833421051502,0.558799583464861,0.695020612329245,34.0156908333302
Adams,Leipzig,0,0,0.176058694720268,0,0.500834904611111,0,0,31.5593376755714
Lookman,Leipzig,0,0,0.173771396279335,0,0.472140833735466,0,0,28.0657632648945
Olmo,Leipzig,0,0,0,0,0,0,0,19.2351851612329
"Szczęsny

 (GK)",Juventus,0,0,0,0,0,0,0,75.5327439308167
De Ligt,Juventus,0,0.552344970405102,0,0,0.880441129207611,1.53369575738907,0,74.2683428525925
Pjanić,Juventus,0,0.800188019871712,0.25538843870163,0,0.941663950681686,1.28732469677925,1.4710683375597,68.9413690567017
Ronaldo,Juventus,1,1.15083836019039,0.402788281440735,0,0.94934207201004,1.10231012105942,1.22798755764961,71.9356489181519
Dybala,Juventus,1,1.51041132211685,0.503939628601074,0,0.981016904115677,0.909583121538162,1.84993073344231,72.2074174880981
Alex Sandro,Juventus,0,1.24713531136513,0.497208058834076,0,0.940869122743607,0.803387068212032,1.4762963168323,70.6114625930786
Danilo,Juventus,0,1.01850900053978,0.406168222427368,0,0.871081039309502,0.922083683311939,1.76494289189577,70.3506064414978
Cuadrado,Juventus,0,1.04487089812756,0.33669725060463,0,0.971981942653656,0.983162090182304,1.77882127463818,71.4623501896858
Bonucci,Juventus,0,0.8536376953125,0.298980057239533,0,1.00630129873753,1.24958796054125,1.3961847871542,73.5130348801613
Rabiot,Juventus,0,0.762092918157578,0.240519493818283,0,0.878707632422447,1.25215983390808,1.30319911986589,72.3891174793243
Bentancur,Juventus,0,0.666342437267303,0.257542669773102,0,0.798890270292759,1.33026820421219,1.06397336348891,68.8427323102951
"Buffon

 (GK)",Juventus,0,0,0,0,0,0,0,13.2645483314991
De Sciglio,Juventus,0,0.229669027030468,0,0,0.594222337007523,0.893521144986153,0,40.128338187933
Ramsey,Juventus,0,0.503806330263615,0.209126964211464,0,0.616470009088516,0.583199352025986,0,35.8639405667782
Matuidi,Juventus,0,0.656063079833984,0,0,0.528812482953072,0.462459933012724,0,32.9013080894947
Higuaín,Juventus,0,0,0,0,0.419288478791714,0.284555647522211,0,26.9027578830719
Rugani,Juventus,0,0,0.107385963201523,0,0.504542849957943,0.473197612911463,0,30.7411256432533
Bernardeschi,Juventus,0,0,0.06533083319664,0,0.396694842725992,0.295101610943675,0,22.8325526416302
"Ederson

 (GK)",Man. City,0,0,0,0,0,0,0,78.4900161623955
Walker,Man. City,0,0.396166678518057,0,0,0.962162896990776,1.38920779526234,0.823734886944294,73.2969045639038
Gündoğan,Man. City,0,0.907459542155266,0.307580351829529,0,0.843030445277691,1.40566971898079,1.0817026719451,71.2741315364838
Jesus,Man. City,0,1.25183199346066,0.386656939983368,0,1.03045499324799,1.2452640235424,1.51886865496635,72.8009516000748
Laporte,Man. City,1,1.63015475869179,0.529733777046204,0.103372748941183,0.963052332401276,0.822579942643642,1.50019414722919,74.8279333114624
Rodri,Man. City,1,1.36668056249619,0.573291063308716,0,1.11472365260124,0.759690545499325,1.36256217956543,72.5601518154144
De Bruyne,Man. City,0,1.0962016582489,0.447175532579422,0,0.965194717049599,0.973945766687393,1.72353573143482,72.4344396591187
Bernardo Silva,Man. City,0,1.00964739918709,0.293562829494476,0,0.979313552379608,1.11165101826191,1.63729824125767,71.4647835493088
B. Mendy,Man. City,0,0.872254244983196,0.359600007534027,0,1.24599814414978,1.28476536273956,1.60843506455421,77.6607066392899
Mahrez,Man. City,0,0.830065101385117,0.294996649026871,0,1.03189215064049,1.28058296442032,0,74.5535942912102
Otamendi,Man. City,0,0.65077830851078,0.247636407613754,0,0.919816613197327,1.21846133470535,1.17417825385928,69.1400408744812
"Bravo

 (GK)",Man. City,0,0,0,0,0,0,0,0
Sterling,Man. City,0,0,0.116964071989059,0,0.453262835741043,0.629045426845551,0,33.0657449364662
Agüero,Man. City,0,0.713201560080051,0.257745444774628,0,0.474064901471138,0.429821170866489,0,35.1013633608818
David Silva,Man. City,0,0,0.119659706950188,0,0.53920079022646,0.560608319938183,0.689485389739275,33.97919729352
Fernandinho,Man. City,0,0,0.174096018075943,0,0.502753391861916,0,0,31.6235509514809
João Cancelo,Man. City,0,0,0.169828116893768,0,0.474418506026268,0,0,28.242606818676
Foden,Man. City,0,0,0,0,0,0,0,19.3076975643635
"Navas

 (GK)",Paris,0,0,0,0,0,0,0,75.5889511108398
Kimpembe,Paris,0,0.554757304489613,0,0,0.882630556821823,1.53467923402786,0,74.2408630251884
Kehrer,Paris,0,0.799752376973629,0.255554735660553,0,0.944476410746574,1.29100584983826,1.46840494126081,68.9865061640739
Marquinhos,Paris,1,1.14803466200829,0.401750504970551,0,0.947883740067482,1.10021293908358,1.23775973916054,71.9302886724472
Paredes,Paris,1,1.50820228457451,0.50451672077179,0,0.98102368414402,0.908401392400265,1.84639468789101,72.2557625174522
Cavani,Paris,0,1.2559449672699,0.499759912490845,0,0.943812385201454,0.806483216583729,1.47414412349463,70.5881160497665
Neymar,Paris,0,1.01857763528824,0.405785739421845,0,0.872528001666069,0.923712976276874,1.76706407219172,70.3407290577889
Di María,Paris,0,1.04937127232552,0.337492614984512,0,0.974443614482879,0.98343500494957,1.77060887217522,71.473893225193
Bernat,Paris,0,0.854619704186916,0.298820495605469,0,1.00677798688412,1.249755397439,1.40024293214083,73.5363540053368
Sarabia,Paris,0,0.758749112486839,0.239099740982056,0,0.876882344484329,1.25199592113495,1.2952265329659,72.4077412486076
Gueye,Paris,0,0.661905847489834,0.256422519683838,0,0.798860229551792,1.33322896063328,1.06420675292611,68.8214763998985
"Rico

 (GK)",Paris,0,0,0,0,0,0,0,13.1245119124651
Mbappé,Paris,0,0.22965807467699,0,0,0.593015126883984,0.892364002764225,0,39.990346133709
Icardi,Paris,0,0.502322755753994,0.209663063287735,0,0.614643469452858,0.57805011421442,0,35.7826697826385
Kurzawa,Paris,0,0.656233206391335,0,0,0.527465082705021,0.460097089409828,0,32.8138133883476
Diallo,Paris,0,0,0,0,0.417552217841148,0.290883336216211,0,26.8519692122936
Draxler,Paris,0,0,0.105244591832161,0,0.504042431712151,0.473725944757462,0,30.7198525965214
Kouassi,Paris,0,0,0.059968411922455,0,0.392040509730578,0.283133191987872,0,22.6439981162548
"Oblak

 (GK)",Atlético,0,0,0,0,0,0,0,78.4999004006386
Thomas,Atlético,0,0.406586982309818,0,0,0.962062656879425,1.39080889523029,0.830410048365593,73.3402389287949
Koke,Atlético,0,0.907578557729721,0.304510593414307,0,0.839587807655335,1.40981228649616,1.07912477105856,71.272993683815
João Félix,Atlético,0,1.2534414678812,0.388897567987442,0,1.02800458669662,1.24264772981405,1.52510069310665,72.8229683637619
Saúl Ñíguez,Atlético,1,1.62897983193398,0.529162526130676,0.105787955224514,0.963572412729263,0.824402242898941,1.49753922596574,74.8007619380951
Correa,Atlético,0,1.36618666350842,0.573692858219147,0,1.11446256935596,0.756501868367195,1.35530289262533,72.4860885739327
Renan Lodi,Atlético,0,1.09906157851219,0.4482661485672,0,0.963750779628754,0.974043376743794,1.72834601253271,72.4255287647247
Savić,Atlético,0,1.00549583137035,0.294723898172379,0,0.977918848395348,1.10864223539829,1.63701679557562,71.4938467741013
Felipe,Atlético,0,0.873243659734726,0.359632134437561,0,1.25034487247467,1.28983436524868,1.60247143357992,77.6376479864121
Diego Costa,Atlético,0,0.823806874454021,0.296461164951324,0,1.03298029303551,1.28145030885935,0,74.503775537014
Trippier,Atlético,0,0.650929346680641,0.248357504606247,0,0.917853325605392,1.22348935902119,1.17886569350958,69.2262777686119
"Adán

 (GK)",Atlético,0,0,0,0,0,0,0,0
Giménez,Atlético,0,0,0.116243869066238,0,0.456401363015175,0.629329815506935,0,33.0194425582886
Morata,Atlético,0,0.710651695728302,0.257388144731522,0,0.475159302353859,0.427227661013603,0,35.1261767745018
Lemar,Atlético,0,0,0.119309291243553,0,0.540487483143806,0.559469126164913,0.689508626237512,33.9888381958008
Llorente,Atlético,0,0,0.1754260212183,0,0.501354411244392,0,0,31.5743868052959
Carrasco,Atlético,0,0,0.172393545508385,0,0.472881369292736,0,0,28.12400624156
Vrsaljko,Atlético,0,0,0,0,0,0,0,19.2587750405073
"Sportiello

 (GK)",Atalanta,0,0,0,0,0,0,0,75.5946815013886
Caldara,Atalanta,0,0.554265439510345,0,0,0.882735699415207,1.5347765982151,0,74.244379401207
Palomino,Atalanta,0,0.799909986555576,0.255654722452164,0,0.944143041968345,1.29095225036144,1.4680216088891,68.9864444732666
Gosens,Atalanta,0,1.14797583222389,0.401593118906021,0,0.948056370019913,1.10030194371939,1.23681509867311,71.9380959868431
Gómez,Atalanta,1,1.50862264633179,0.504476547241211,0,0.98101794719696,0.909129902720451,1.84631980955601,72.250511944294
Freuler,Atalanta,0,1.25548934936523,0.499720275402069,0,0.943538784980774,0.806663274765015,1.47407902404666,70.5836468935013
De Roon,Atalanta,0,1.01825657486916,0.405855715274811,0,0.871902883052826,0.923373676836491,1.76754333078861,70.3356429934502
Djimsiti,Atalanta,0,1.04909913241863,0.337364286184311,0,0.974078327417374,0.98343500494957,1.77167374640703,71.462082862854
Hateboer,Atalanta,0,0.854312986135483,0.299054890871048,0,1.00707171857357,1.24929209798574,1.40036409720778,73.5408848524094
Iličić,Atalanta,0,0.758679121732712,0.239188224077225,0,0.876943469047546,1.2520322278142,1.29562998190522,72.4070352315903
Pašalić,Atalanta,0,0.661658950150013,0.256201058626175,0,0.799281790852547,1.33333820849657,1.06540843844414,68.830551803112
"Rossi

 (GK)",Atalanta,0,0,0,0,0,0,0,13.1272691488266
Tameze,Atalanta,0,0.227869477123022,0,0,0.593481540679932,0.892878115177154,0,39.9958983063698
Czyborra,Atalanta,0,0.502436608076096,0.209584519267082,0,0.614704489707947,0.577438965439796,0,35.7911728322506
Muriel,Atalanta,0,0.655839860439301,0,0,0.527597658336163,0.460094261914492,0,32.8133952617645
Malinovskyi,Atalanta,0,0,0,0,0.417515084147453,0.2910743560642,0,26.8453511595726
Castagne,Atalanta,0,0,0.104941040277481,0,0.503790736198425,0.473388038575649,0,30.725853741169
Zapata,Atalanta,0,0,0.059831023216248,0,0.39238441362977,0.285114221274853,0,22.6595099270344
"Ter Stegen

 (GK)",Barcelona,0,0,0,0,0,0,0,78.5010176897049
Semedo,Barcelona,0,0.406255882233381,0,0,0.962026253342628,1.39116524159908,0.828939210623503,73.3370584249496
Piqué,Barcelona,0,0.907741278409958,0.304826468229294,0,0.839712351560593,1.40914630889893,1.07936644926667,71.2717735767365
Rakitić,Barcelona,0,1.25246848165989,0.388467252254486,0,1.02796943485737,1.2430988997221,1.52457300573587,72.8098487854004
Sergio Busquets,Barcelona,1,1.62850105762482,0.529054641723633,0.105830021202564,0.96327294409275,0.824083678424358,1.49664338678122,74.7988700866699
Messi,Barcelona,1,1.36639350652695,0.573866248130798,0,1.11424779891968,0.756749048829079,1.35597139596939,72.4999141693115
Griezmann,Barcelona,0,1.09955975413322,0.448387324810028,0,0.963731691241264,0.973713010549545,1.72772705554962,72.4319446086884
F. de Jong,Barcelona,0,1.00630734860897,0.295032978057861,0,0.977874726057053,1.10856191813946,1.63748301565647,71.4923319220543
Vidal,Barcelona,0,0.872651815414429,0.359532415866852,0,1.24993222951889,1.28982657939196,1.60198044031858,77.635070681572
Umtiti,Barcelona,0,0.823801502585411,0.296045899391174,0,1.03301909565926,1.28063697367907,0,74.5136255025864
Junior Firpo,Barcelona,0,0.651169307529926,0.24824370443821,0,0.918248236179352,1.22291058301926,1.17740789428353,69.2174285650253
"Neto

 (GK)",Barcelona,0,0,0,0,0,0,0,0
Arthur,Barcelona,0,0,0.116399869322777,0,0.456516623497009,0.629241056740284,0,33.0137395858765
Lenglet,Barcelona,0,0.71062358468771,0.257642835378647,0,0.475006960332394,0.427620355039835,0,35.1326817274094
Ricard Puig,Barcelona,0,0,0.119287952780724,0,0.540383644402027,0.559612713754177,0.692037679255009,33.98981153965
Fati,Barcelona,0,0,0.175544768571854,0,0.501720428466797,0,0,31.57425314188
Ronald Araújo,Barcelona,0,0,0.172291085124016,0,0.472849451005459,0,0,28.1164559721947
Akieme,Barcelona,0,0,0,0,0,0,0,19.2537832260132
"Gulácsi

 (GK)",Leipzig,0,0,0,0,0,0,0,75.5823159217835
Angeliño,Leipzig,0,0.553565584123135,0,0,0.88252218067646,1.53452794253826,0,74.2317122220993
Upamecano,Leipzig,0,0.79973167181015,0.255730897188187,0,0.943555682897567,1.29048059135675,1.46772861480713,68.9752715826035
Sabitzer,Leipzig,0,1.14793859422207,0.401501834392548,0,0.948232650756836,1.09966571629047,1.23591367155314,71.9324135780335
Werner,Leipzig,1,1.50870285928249,0.504247725009918,0,0.980787321925163,0.909634426236153,1.84629261493683,72.2302842140198
Klostermann,Leipzig,0,1.2546774148941,0.499336540699005,0,0.94312196969986,0.806977659463882,1.47419795393944,70.5699515342712
Nkunku,Leipzig,0,1.018449857831,0.406010776758194,0,0.871443197131157,0.922887429594994,1.76754891872406,70.3205081820488
Schick,Leipzig,0,1.04883408546448,0.337214738130569,0,0.973633870482445,0.983114145696163,1.77308805286884,71.4449054002762
Mukiele,Leipzig,0,0.85419699549675,0.29921954870224,0,1.00735095143318,1.24888370931149,1.40090808272362,73.5310280323029
Halstenberg,Leipzig,0,0.758722148835659,0.239207237958908,0,0.876840204000473,1.25182414054871,1.29598313942552,72.4004548788071
Laimer,Leipzig,0,0.66148392111063,0.256167858839035,0,0.799439504742622,1.33278442919254,1.06632774695754,68.8248008489609
"Mvogo

 (GK)",Leipzig,0,0,0,0,0,0,0,13.1413209438324
Haidara,Leipzig,0,0.226933181285858,0,0,0.59388855099678,0.893431976437569,0,40.0031024217606
Y. Poulsen,Leipzig,0,0.502410791814327,0.209548875689507,0,0.614740058779717,0.576935015618801,0,35.8007109165192
Forsberg,Leipzig,0,0.655523337423801,0,0,0.527726739645004,0.46049789711833,0,32.8149203956127
Adams,Leipzig,0,0,0,0,0.417601894587278,0.290934436023235,0,26.8378454446793
Lookman,Leipzig,0,0,0.104758411645889,0,0.503673493862152,0.472993418574333,0,30.727690756321
Olmo,Leipzig,0,0,0.059662383049727,0,0.392888639122248,0.28656005486846,0,22.679480612278
"Neuer

 (GK)",Bayern,0,0,0,0,0,0,0,78.4871852397919
Pavard,Bayern,0,0.405310250818729,0,0,0.961795419454575,1.39105460047722,0.827768724411726,73.3187636733055
Thiago Alcántara,Bayern,0,0.907523065805435,0.305028676986694,0,0.839783072471619,1.4081703722477,1.08039099723101,71.2515458464623
Lewandowski,Bayern,0,1.25189676880836,0.388320446014404,0,1.02773839235306,1.24300112575293,1.52359483763576,72.7911975979805
Boateng,Bayern,1,1.62812659144402,0.528925716876984,0.105793029069901,0.962977856397629,0.823610462248325,1.49583974853158,74.7882661223412
Davies,Bayern,1,1.3664036244154,0.573853492736816,0,1.11413472890854,0.756980247795582,1.3569375500083,72.5051578879356
Gnabry,Bayern,0,1.09996311366558,0.44851341843605,0,0.963566362857819,0.973213814198971,1.72671768814325,72.4290931224823
Müller,Bayern,0,1.00660546123981,0.295065820217133,0,0.977836236357689,1.10841292142868,1.63707230240107,71.4767721295357
Alaba,Bayern,0,0.872393235564232,0.359506964683533,0,1.24923451244831,1.28974331170321,1.60187426954508,77.6273387670517
Coman,Bayern,0,0.824268072843552,0.295753866434097,0,1.03296662867069,1.2801895737648,0,74.51186388731
Kimmich,Bayern,0,0.651112616062164,0.248135268688202,0,0.918321460485458,1.22217731922865,1.17557104676962,69.1959190368652
"Ulreich

 (GK)",Bayern,0,0,0,0,0,0,0,0
Odriozola,Bayern,0,0,0.116727888584137,0,0.456322193145752,0.628804065287113,0,33.0116352438927
Coutinho,Bayern,0,0.710644081234932,0.258050113916397,0,0.474914386868477,0.428207326680422,0,35.1395088434219
Goretzka,Bayern,0,0,0.119825422763824,0,0.540225096046925,0.55955009907484,0.69469241425395,33.9900274574757
Hernández,Bayern,0,0,0.175599485635757,0,0.502097085118294,0,0,31.5726080536842
Tolisso,Bayern,0,0,0.172486171126366,0,0.472766265273094,0,0,28.1076873093843
Zirkzee,Bayern,0,0,0,0,0,0,0,19.2512607574463
"Ederson

 (GK)",Man. City,0,0,0,0,0,0,0,75.5728566646576
Walker,Man. City,0,0.553317070007324,0,0,0.881987288594246,1.5344173014164,0,74.2510351538658
Gündoğan,Man. City,0,0.800048142671585,0.255614340305328,0,0.94306418299675,1.28960652649403,1.46882329136133,68.967992067337
Jesus,Man. City,1,1.14886735379696,0.401891350746155,0,0.94853076338768,1.10099799931049,1.23321628198028,71.9391173124313
Laporte,Man. City,1,1.50935071706772,0.504230558872223,0,0.980953902006149,0.909669421613216,1.84744875878096,72.2289681434631
Rodri,Man. City,0,1.25235801935196,0.498832285404205,0,0.942442923784256,0.805685453116894,1.47469751536846,70.5878418684006
De Bruyne,Man. City,0,1.01819534599781,0.406003475189209,0,0.871241882443428,0.922706961631775,1.76676325500011,70.3336071968079
Bernardo Silva,Man. City,0,1.04747495055199,0.337056428194046,0,0.973092406988144,0.983278304338455,1.77466720342636,71.4517462253571
B. Mendy,Man. City,0,0.853920944035053,0.299185693264008,0,1.00695165991783,1.2490666359663,1.39899766072631,73.5312885046005
Mahrez,Man. City,0,0.759748905897141,0.239669039845467,0,0.877544075250626,1.25201722979546,1.29838734865189,72.3973634839058
Otamendi,Man. City,0,0.66309104859829,0.256524175405502,0,0.799351155757904,1.3322551548481,1.06557421386242,68.8368579745293
"Bravo

 (GK)",Man. City,0,0,0,0,0,0,0,13.1760511547327
Sterling,Man. City,0,0.227443899959326,0,0,0.593999482691288,0.893403127789497,0,40.0430506467819
Agüero,Man. City,0,0.50292831659317,0.209393516182899,0,0.615269631147384,0.579010602086782,0,35.8198076486588
David Silva,Man. City,0,0.655693620443344,0,0,0.528079614043236,0.460909768939018,0,32.8419718146324
Fernandinho,Man. City,0,0,0,0,0.41803839802742,0.288947485387325,0,26.8593892455101
João Cancelo,Man. City,0,0,0.105553805828094,0,0.503871366381645,0.473070867359638,0,30.7328967750072
Foden,Man. City,0,0,0.061553940176964,0,0.39405008405447,0.28962024487555,0,22.7272515743971
"Szczęsny

 (GK)",Juventus,0,0,0,0,0,0,0,78.4939369559288
De Ligt,Juventus,0,0.402628593146801,0,0,0.962005600333214,1.39070022106171,0.826262310147285,73.3179342746735
Pjanić,Juventus,0,0.907657623291016,0.305923104286194,0,0.84085139632225,1.40751242637634,1.08023155480623,71.2685245275497
Ronaldo,Juventus,0,1.2516368329525,0.387585341930389,0,1.02873411774635,1.24404533207417,1.52235347777605,72.7963727712631
Dybala,Juventus,1,1.62869819998741,0.529191255569458,0.105031192302704,0.963030949234962,0.823360741138458,1.49729792028666,74.8038053512573
Alex Sandro,Juventus,0,1.36654558777809,0.573770344257355,0,1.11425551772118,0.757820792496204,1.35858189314604,72.5254130363464
Danilo,Juventus,0,1.09873728454113,0.448044061660767,0,0.96412743628025,0.973549753427506,1.72582659870386,72.4326300621033
Cuadrado,Juventus,0,1.00783514976501,0.29470819234848,0,0.978296756744385,1.10949605703354,1.63753535598516,71.4792877435684
Bonucci,Juventus,0,0.872165635228157,0.359496265649796,0,1.24829344451427,1.28804361820221,1.60377398133278,77.6393890380859
Rabiot,Juventus,0,0.825896583497524,0.295456230640411,0,1.03259226679802,1.28012368083,0,74.5292538404465
Bentancur,Juventus,0,0.651168420910835,0.247957125306129,0,0.918948039412498,1.22104115784168,1.17538729682565,69.1817164421082
"Buffon

 (GK)",Juventus,0,0,0,0,0,0,0,0
De Sciglio,Juventus,0,0,0.116694286465645,0,0.455484129488468,0.629100829362869,0,33.0263862013817
Ramsey,Juventus,0,0.71146759390831,0.257832497358322,0,0.47457517683506,0.428612846881151,0,35.1250115036964
Matuidi,Juventus,0,0,0.119388267397881,0,0.539929069578648,0.560045443475246,0.692502781748772,33.9853972196579
Higuaín,Juventus,0,0,0.175153121352196,0,0.502307578921318,0,0,31.5900494158268
Rugani,Juventus,0,0,0.171424016356468,0,0.473347783088684,0,0,28.1528569757938
Bernardeschi,Juventus,0,0,0,0,0,0,0,19.2681211978197
"Oblak

 (GK)",Atlético,0,0,0,0,0,0,0,75.5011993646622
Thomas,Atlético,0,0.552668586373329,0,0,0.880922302603722,1.53315976262093,0,74.1931623220444
Koke,Atlético,0,0.799140974879265,0.255583137273788,0,0.942131772637367,1.28807312250137,1.4701833948493,68.9242738485336
João Félix,Atlético,0,1.14839212596416,0.401860326528549,0,0.94817590713501,1.09877542406321,1.23261054977775,71.8854188919067
Saúl Ñíguez,Atlético,1,1.50767970085144,0.503443479537964,0,0.980121314525604,0.908767819404602,1.84686630964279,72.1680998802185
Correa,Atlético,0,1.25120228528976,0.497883558273315,0,0.941986575722694,0.806238003075123,1.47471399977803,70.5532950162888
Renan Lodi,Atlético,0,1.01964116096497,0.406205505132675,0,0.871662765741348,0.922151379287243,1.76441818475723,70.2814716100693
Savić,Atlético,0,1.04733601212502,0.33695912361145,0,0.9725162088871,0.981906108558178,1.77538692951202,71.4198452234268
Felipe,Atlético,0,0.854937478899956,0.299228310585022,0,1.00681637227535,1.24860800802708,1.39984264969826,73.4739503264427
Diego Costa,Atlético,0,0.759663268923759,0.239305749535561,0,0.876996979117394,1.25109931826592,1.29768513143063,72.3686635494232
Trippier,Atlético,0,0.663187846541405,0.257049798965454,0,0.798302233219147,1.32985702902079,1.06493355706334,68.781199157238
"Adán

 (GK)",Atlético,0,0,0,0,0,0,0,13.212388753891
Giménez,Atlético,0,0.230469565838575,0,0,0.594073280692101,0.893742673099041,0,40.0441816449165
Morata,Atlético,0,0.501954704523086,0.209500163793564,0,0.61491696536541,0.579056702554226,0,35.8169013261795
Lemar,Atlético,0,0.655968472361565,0,0,0.528106160461903,0.462059043347836,0,32.8425578773022
Llorente,Atlético,0,0,0,0,0.418335780501366,0.288898659870028,0,26.845371723175
Carrasco,Atlético,0,0,0.10566009581089,0,0.504010200500488,0.472776398062706,0,30.7136835157871
Vrsaljko,Atlético,0,0,0.061087846755982,0,0.394733276218176,0.289448382332921,0,22.7404208481312
"Navas

 (GK)",Paris,0,0,0,0,0,0,0,78.4354266524315
Kimpembe,Paris,0,0.400544699281454,0,0,0.961230903863907,1.3891958296299,0.82711698487401,73.2534331083298
Kehrer,Paris,0,0.905880004167557,0.305459588766098,0,0.840401880443096,1.40634700655937,1.08100082725286,71.2019395828247
Marquinhos,Paris,0,1.25205698609352,0.388027667999268,0,1.02784259617329,1.24234539270401,1.52146872133017,72.7661854028702
Paredes,Paris,1,1.62880542874336,0.528973400592804,0.104741983115673,0.963211297988892,0.822672471404076,1.49766094982624,74.76229429245
Cavani,Paris,1,1.36536617577076,0.573047399520874,0,1.11454966664314,0.757096461951733,1.3592142611742,72.4940124154091
Neymar,Paris,0,1.09872153401375,0.447970509529114,0,0.963346481323242,0.972893856465816,1.72329768538475,72.3844221234322
Di María,Paris,0,1.00540216267109,0.293896496295929,0,0.978189006447792,1.10886368155479,1.63347870111465,71.4238139986992
Bernat,Paris,0,0.873221337795258,0.359784871339798,0,1.24724994599819,1.28708390891552,1.60380732268095,77.6077073812485
Sarabia,Paris,0,0.827205546200275,0.295864671468735,0,1.03202024102211,1.28119845688343,0,74.4797229766846
Gueye,Paris,0,0.650367334485054,0.247908174991608,0,0.91772398352623,1.22058859467506,1.17405597120523,69.123398065567
"Rico

 (GK)",Paris,0,0,0,0,0,0,0,0
Mbappé,Paris,0,0,0.117428168654442,0,0.455042488873005,0.628386005759239,0,33.0241790413856
Icardi,Paris,0,0.711213394999504,0.258271038532257,0,0.474548056721687,0.428824417293072,0,35.1183146238327
Kurzawa,Paris,0,0,0.121124550700188,0,0.539723426103592,0.559761792421341,0.692857895046472,33.9772883057594
Diallo,Paris,0,0,0.175319626927376,0,0.502653777599335,0,0,31.5869751572609
Draxler,Paris,0,0,0.172368049621582,0,0.47332014143467,0,0,28.1414184719324
Kouassi,Paris,0,0,0,0,0,0,0,19.2675197124481
"Ter Stegen

 (GK)",Barcelona,0,0,0,0,0,0,0,75.6574141979218
Semedo,Barcelona,0,0.555277436971664,0,0,0.883865043520927,1.53584153950214,0,74.2821615934372
Piqué,Barcelona,0,0.800464853644371,0.25569361448288,0,0.945427909493446,1.29278602451086,1.46674048155546,69.0285038948059
Rakitić,Barcelona,1,1.14785942435265,0.401486247777939,0,0.94807556271553,1.10142335295677,1.23933115974069,71.9748568534851
Sergio Busquets,Barcelona,1,1.50940756499767,0.505175828933716,0,0.981664761900902,0.909386180341244,1.84615440666676,72.3069316148758
Messi,Barcelona,0,1.25803676247597,0.500846862792969,0,0.944497480988502,0.806777112185955,1.47383566945791,70.607390999794
Griezmann,Barcelona,0,1.0173305273056,0.405632495880127,0,0.872074469923973,0.924174226820469,1.76963731646538,70.3759956359863
F. de Jong,Barcelona,0,1.05013397336006,0.337617516517639,0,0.975098878145218,0.984492242336273,1.76949985325336,71.4937371015549
Vidal,Barcelona,0,0.853872805833817,0.298908442258835,0,1.00722108781338,1.24982842057943,1.40054915100336,73.5862755775452
Umtiti,Barcelona,0,0.758211717009544,0.23918005824089,0,0.877006471157074,1.25272271037102,1.29459863528609,72.4345287680626
Junior Firpo,Barcelona,0,0.660861253738403,0.255707174539566,0,0.799931682646275,1.3356044664979,1.06564704328775,68.8660103082657
"Neto

 (GK)",Barcelona,0,0,0,0,0,0,0,13.0758498609066
Arthur,Barcelona,0,0.226302664726973,0,0,0.593101859092712,0.892300322651863,0,39.9699538946152
Lenglet,Barcelona,0,0.502840645611286,0.209616810083389,0,0.614693433046341,0.57665603607893,0,35.7775665819645
Ricard Puig,Barcelona,0,0.65577670186758,0,0,0.527310602366924,0.458877168595791,0,32.7985826134682
Fati,Barcelona,0,0,0,0,0.417095139622688,0.292262498289347,0,26.8493867665529
Ronald Araújo,Barcelona,0,0,0.104614250361919,0,0.503712609410286,0.473850149661303,0,30.7356660068035
Akieme,Barcelona,0,0,0.059285119175911,0,0.3909857198596,0.282587608322501,0,22.6122513413429
"Neuer

 (GK)",Bayern,0,0,0,0,0,0,0,78.5474640130997
Pavard,Bayern,0,0.409651894122362,0,0,0.962600260972977,1.39237967133522,0.830051861703396,73.3941155672073
Thiago Alcántara,Bayern,0,0.909026563167572,0.304523378610611,0,0.839437082409859,1.41094787418842,1.07842730358243,71.3210988044739
Lewandowski,Bayern,0,1.25280487537384,0.388719946146011,0,1.02820736169815,1.2437089830637,1.52640109881759,72.841489315033
Boateng,Bayern,1,1.62846413254738,0.529168248176575,0.106439083814621,0.963312789797783,0.824995934963226,1.49618275463581,74.8277002573013
Davies,Bayern,1,1.367133051157,0.574378252029419,0,1.11410291492939,0.756688237190247,1.35407373309135,72.5082355737686
Gnabry,Bayern,0,1.09993004798889,0.448610246181488,0,0.964125454425812,0.974324405193329,1.73062216490507,72.4666011333466
Müller,Bayern,0,1.00707213580608,0.295715808868408,0,0.977762699127197,1.10855085402727,1.64024140685797,71.5391072630882
Alaba,Bayern,0,0.872292786836624,0.35937362909317,0,1.25162327289581,1.29148972034454,1.60115398466587,77.6568681001663
Coman,Bayern,0,0.821826845407486,0.29613596200943,0,1.03369104862213,1.28032070398331,0,74.5404267311096
Kimmich,Bayern,0,0.651679895818234,0.248458996415138,0,0.91869467496872,1.22431449592114,1.17963273078203,69.2807096242905
"Ulreich

 (GK)",Bayern,0,0,0,0,0,0,0,0
Odriozola,Bayern,0,0,0.115723744034767,0,0.457350462675095,0.62982290610671,0,33.0106893181801
Coutinho,Bayern,0,0.710352227091789,0.257212936878204,0,0.475300066173077,0.426878977566958,0,35.1413252949715
Goretzka,Bayern,0,0,0.118099242448807,0,0.540771305561066,0.559537969529629,0.691390782594681,33.998818397522
Hernández,Bayern,0,0,0.17560213804245,0,0.50110636651516,0,0,31.5685912966728
Tolisso,Bayern,0,0,0.172119706869125,0,0.472616843879223,0,0,28.1071920692921
Zirkzee,Bayern,0,0,0,0,0,0,0,19.2480408400297
"Ederson

 (GK)",Man. City,0,0,0,0,0,0,0,75.5096167325974
Walker,Man. City,0,0.553201287984848,0,0,0.881174311041832,1.53342497348785,0,74.2004349827766
Gündoğan,Man. City,0,0.799226090312004,0.255493670701981,0,0.942529916763306,1.28836964070797,1.46977780386806,68.9286196231842
Jesus,Man. City,0,1.14844553172588,0.401903718709946,0,0.947937458753586,1.09956982731819,1.23313684016466,71.8919444084168
Laporte,Man. City,1,1.50759395956993,0.503626227378845,0,0.980209246277809,0.908548749983311,1.84695031493902,72.1799376606941
Rodri,Man. City,0,1.25179120898247,0.498260855674744,0,0.942192688584328,0.805991314351559,1.47429425269365,70.5591487884522
De Bruyne,Man. City,0,1.01937559247017,0.406077742576599,0,0.871758468449116,0.92244978249073,1.76431071013212,70.2882233262062
Bernardo Silva,Man. City,0,1.04738274216652,0.337043851613998,0,0.97268445789814,0.982217460870743,1.77420731633902,71.4242869615555
B. Mendy,Man. City,0,0.854733034968376,0.299160957336426,0,1.00654642283916,1.24882978200912,1.39925684779882,73.4835398197174
Mahrez,Man. City,0,0.759538307785988,0.239317983388901,0,0.877058416604996,1.2511085793376,1.29759274423122,72.3664838075638
Otamendi,Man. City,0,0.663266494870186,0.256940603256226,0,0.798308596014977,1.3303480297327,1.06424773111939,68.7859082221985
"Bravo

 (GK)",Man. City,0,0,0,0,0,0,0,13.1980799138546
Sterling,Man. City,0,0.230224963277578,0,0,0.593734383583069,0.893314123153687,0,40.036298930645
Agüero,Man. City,0,0.502147413790226,0.209544897079468,0,0.614714294672012,0.579323101788759,0,35.8086690306664
David Silva,Man. City,0,0.656120344996452,0,0,0.52798568457365,0.461624961346388,0,32.8382635116577
Fernandinho,Man. City,0,0,0,0,0.417958706617355,0.288624782115221,0,26.8485128134489
João Cancelo,Man. City,0,0,0.105620816349983,0,0.503970198333263,0.47284409403801,0,30.7109245657921
Foden,Man. City,0,0,0.061118379235268,0,0.3942576572299,0.288211230188608,0,22.7261942625046
"Navas

 (GK)",Paris,0,0,0,0,0,0,0,78.4417602419853
Kimpembe,Paris,0,0.401567075401545,0,0,0.961384132504463,1.3896082341671,0.827321689575911,73.2667446136475
Kehrer,Paris,0,0.906185001134872,0.305392533540726,0,0.840265810489654,1.4069367647171,1.08018405735493,71.2167522311211
Marquinhos,Paris,0,1.25221657752991,0.387992322444916,0,1.02800583839417,1.24261306226254,1.5222666785121,72.7742052078247
Paredes,Paris,1,1.62864656746387,0.528993129730225,0.1048803627491,0.963346689939499,0.823037914931774,1.49793215095997,74.7639393806458
Cavani,Paris,1,1.36545838415623,0.573258221149445,0,1.11440947651863,0.756955087184906,1.35849229991436,72.4857115745544
Neymar,Paris,0,1.09852887690067,0.447907567024231,0,0.963288173079491,0.97315439581871,1.72422304749489,72.3834556341171
Di María,Paris,0,1.00565969944,0.294037401676178,0,0.978078857064247,1.10889613628387,1.63427889347076,71.436117887497
Bernat,Paris,0,0.873066544532776,0.359709858894348,0,1.24763786792755,1.28718881309032,1.60360280424356,77.6098871231079
Sarabia,Paris,0,0.8265266045928,0.29596483707428,0,1.03192114830017,1.28110125660896,0,74.4786810874939
Gueye,Paris,0,0.650544032454491,0.247925966978073,0,0.917747974395752,1.22100435942411,1.17516163736582,69.1338169574738
"Rico

 (GK)",Paris,0,0,0,0,0,0,0,0
Mbappé,Paris,0,0,0.117060869932175,0,0.45517010986805,0.628657527267933,0,33.0208683013916
Icardi,Paris,0,0.711296319961548,0.257947206497192,0,0.474532201886177,0.428587358444929,0,35.1130846142769
Kurzawa,Paris,0,0,0.120282039046288,0,0.539907321333885,0.559865958988667,0.690432172268629,33.9735800027847
Diallo,Paris,0,0,0.175310105085373,0,0.502393998205662,0,0,31.5846617519855
Draxler,Paris,0,0,0.172119036316872,0,0.473288901150227,0,0,28.142431229353
Kouassi,Paris,0,0,0,0,0,0,0,19.2661556601524
"Neuer

 (GK)",Bayern,0,0,0,0,0,0,0,75.6428551673889
Pavard,Bayern,0,0.555310033261776,0,0,0.883680209517479,1.53534340858459,0,74.2534685134888
Thiago Alcántara,Bayern,0,0.799948267638683,0.255796372890472,0,0.945630058646202,1.2930371388793,1.46748963743448,69.0282434225082
Lewandowski,Bayern,1,1.14713156223297,0.401340454816818,0,0.948000252246857,1.09904989600182,1.24168628826737,71.9479116797447
Boateng,Bayern,1,1.50846993923187,0.504944086074829,0,0.981451660394669,0.90862849354744,1.84520334005356,72.2973626852036
Davies,Bayern,0,1.25940570235252,0.500669062137604,0,0.945081502199173,0.807834021747112,1.4742842875421,70.5935311317444
Gnabry,Bayern,0,1.01836317777634,0.405732482671738,0,0.873005211353302,0.924328304827213,1.76967270672321,70.3633970022202
Müller,Bayern,0,1.05143490433693,0.337782442569733,0,0.97575455904007,0.98384290188551,1.7687426880002,71.5002489089966
Alaba,Bayern,0,0.854957766830921,0.298725485801697,0,1.00753307342529,1.24995233863592,1.4026315882802,73.563566505909
Coman,Bayern,0,0.757760584354401,0.238691568374634,0,0.876344010233879,1.25257854908705,1.29236858338118,72.4430969357491
Kimmich,Bayern,0,0.659948974847794,0.2559654712677,0,0.799345888197422,1.33503732830286,1.06563437730074,68.8374200463295
"Ulreich

 (GK)",Bayern,0,0,0,0,0,0,0,13.0707792192698
Odriozola,Bayern,0,0.229147225618362,0,0,0.592954993247986,0.892306633293629,0,39.9468815326691
Coutinho,Bayern,0,0.501900099217892,0.209751918911934,0,0.614592880010605,0.575626254081726,0,35.7649165391922
Goretzka,Bayern,0,0.655994653701782,0,0,0.527080863714218,0.459280230104923,0,32.7873137593269
Hernández,Bayern,0,0,0,0,0.417531616985798,0.294104591012001,0,26.8382327258587
Tolisso,Bayern,0,0,0.104565151035786,0,0.503992989659309,0.474236123263836,0,30.7281500101089
Zirkzee,Bayern,0,0,0.058093532919884,0,0.390483632683754,0.279891386628151,0,22.5787429511547
"Ter Stegen

 (GK)",Barcelona,0,0,0,0,0,0,0,78.5325211286545
Semedo,Barcelona,0,0.410300560295582,0,0,0.962265014648438,1.39139029383659,0.833056773990393,73.3775481581688
Piqué,Barcelona,0,0.908135563135147,0.303524643182755,0,0.838729977607727,1.41146321594715,1.0792632587254,71.288293004036
Rakitić,Barcelona,0,1.25406783819199,0.389875888824463,0,1.02728548645973,1.24189471453428,1.52681972831488,72.8446972370148
Sergio Busquets,Barcelona,1,1.62911105155945,0.52911388874054,0.106658767908812,0.963529020547867,0.825023964047432,1.49610042572021,74.8182410001755
Messi,Barcelona,1,1.36651492118835,0.57378625869751,0,1.11461141705513,0.755889818072319,1.35306715965271,72.4896186590195
Griezmann,Barcelona,0,1.10040110349655,0.448849439620972,0,0.963892534375191,0.974178194999695,1.73047371208668,72.4564632773399
F. de Jong,Barcelona,0,1.00443793833256,0.29528021812439,0,0.977711170911789,1.10783734172583,1.63774192333221,71.5195924043655
Vidal,Barcelona,0,0.873627565801144,0.359674096107483,0,1.25230440497398,1.29244180768728,1.60076953470707,77.6485329866409
Umtiti,Barcelona,0,0.821826845407486,0.296803146600723,0,1.03408429026604,1.28177903592587,0,74.5164290070534
Junior Firpo,Barcelona,0,0.651014514267445,0.248730897903442,0,0.91763699054718,1.2253298535943,1.18016190826893,69.2876464128494
"Neto

 (GK)",Barcelona,0,0,0,0,0,0,0,0
Arthur,Barcelona,0,0,0.116163581609726,0,0.457668028771877,0.629398331046104,0,33.013533949852
Lenglet,Barcelona,0,0.709595054388046,0.257513403892517,0,0.475779570639134,0.426285736262798,0,35.1499003171921
Ricard Puig,Barcelona,0,0,0.119886219501495,0,0.540810264647007,0.558859288692474,0.693387910723686,34.0073351562023
Fati,Barcelona,0,0,0.175800010561943,0,0.500883772969246,0,0,31.5617710351944
Ronald Araújo,Barcelona,0,0,0.173420235514641,0,0.472354613244534,0,0,28.0856242775917
Akieme,Barcelona,0,0,0,0,0,0,0,19.2453761398792
"Navas

 (GK)",Paris,0,0,0,0,0,0,0,75.5994248390198
Kimpembe,Paris,0,0.554682202637196,0,0,0.882826656103134,1.53483560681343,0,74.2454898357391
Kehrer,Paris,0,0.799860596656799,0.255614876747131,0,0.944527834653854,1.29126892983913,1.46810822188854,68.9925587177277
Marquinhos,Paris,1,1.14792847633362,0.401650607585907,0,0.947958946228027,1.10021285712719,1.23789506033063,71.9368827342987
Paredes,Paris,1,1.50842779874802,0.504579961299896,0,0.981096595525742,0.908706352114677,1.84625498950481,72.2607320547104
Cavani,Paris,0,1.25622367858887,0.499889969825745,0,0.943876534700394,0.806672617793083,1.47411748766899,70.5883353948593
Neymar,Paris,0,1.01838518679142,0.405793905258179,0,0.872347131371498,0.923687323927879,1.76758989691734,70.3431829810143
Di María,Paris,0,1.04950854182243,0.337484896183014,0,0.974480956792831,0.983532696962357,1.77071504294872,71.4736464619637
Bernat,Paris,0,0.854508720338345,0.298890620470047,0,1.00696063041687,1.24963213503361,1.40050360932946,73.5430645942688
Sarabia,Paris,0,0.758610643446445,0.239097088575363,0,0.87686263024807,1.25210033357143,1.29507007077336,72.4121418595314
Gueye,Paris,0,0.6615991294384,0.256271839141846,0,0.79909685254097,1.33355899900198,1.06478929519653,68.8283103704453
"Rico

 (GK)",Paris,0,0,0,0,0,0,0,13.1178775802255
Mbappé,Paris,0,0.228857561945915,0,0,0.593160532414913,0.892515622079372,0,39.9871416389942
Icardi,Paris,0,0.502352744340897,0.209643453359604,0,0.614661149680615,0.577569030225277,0,35.7834957540035
Kurzawa,Paris,0,0.656063079833984,0,0,0.527464300394058,0.459953829646111,0,32.8105095028877
Diallo,Paris,0,0,0,0,0.417511772364378,0.291300883516669,0,26.8485762178898
Draxler,Paris,0,0,0.105054311454296,0,0.503940157592297,0.473671689629555,0,30.723372399807
Kouassi,Paris,0,0,0.059724323451519,0,0.39195166528225,0.283440466970205,0,22.6413556933403
"Ederson

 (GK)",Man. City,0,0,0,0,0,0,0,78.5058706998825
Walker,Man. City,0,0.406983979046345,0,0,0.962100520730019,1.39106296002865,0.830157101154327,73.3456403017044
Gündoğan,Man. City,0,0.907762974500656,0.304525315761566,0,0.839544154703617,1.40981359779835,1.07917059212923,71.2767842411995
Jesus,Man. City,0,1.25315409898758,0.388836741447449,0,1.02794398367405,1.24278680980206,1.52516076341271,72.8218442201614
Laporte,Man. City,1,1.62881126999855,0.529124975204468,0.10591434314847,0.963459864258766,0.824391506612301,1.49705605581403,74.8032706975937
Rodri,Man. City,0,1.36633551120758,0.57379561662674,0,1.11438705027103,0.756537519395351,1.35524673387408,72.4920177459717
De Bruyne,Man. City,0,1.09938326478004,0.448374330997467,0,0.963779255747795,0.973968550562859,1.72847062349319,72.432616353035
Bernardo Silva,Man. City,0,1.00575169920921,0.294926822185516,0,0.97787806391716,1.108542740345,1.63741558790207,71.4982679486275
B. Mendy,Man. City,0,0.873035669326782,0.359589278697968,0,1.25046002864838,1.29015366733074,1.6020942479372,77.6389160752296
Mahrez,Man. City,0,0.823517940938473,0.296341717243195,0,1.0331292450428,1.28115788847208,0,74.5101022720337
Otamendi,Man. City,0,0.651056028902531,0.248360067605972,0,0.918007805943489,1.22351566702127,1.17856785655022,69.2320150136948
"Bravo

 (GK)",Man. City,0,0,0,0,0,0,0,0
Sterling,Man. City,0,0,0.116254761815071,0,0.456602156162262,0.629337273538113,0,33.0166390538216
Agüero,Man. City,0,0.710534609854221,0.257467865943909,0,0.475173331797123,0.427248600870371,0,35.1311394572258
David Silva,Man. City,0,0,0.119280278682709,0,0.54049963504076,0.559465683996677,0.690741185098887,33.9913195371628
Fernandinho,Man. City,0,0,0.175505563616753,0,0.501413449645042,0,0,31.5729165077209
João Cancelo,Man. City,0,0,0.172433361411095,0,0.472810596227646,0,0,28.1173624843359
Foden,Man. City,0,0,0,0,0,0,0,19.2554317414761
"Neuer

 (GK)",Bayern,0,0,0,0,0,0,0,60.8114460110664
Pavard,Bayern,0,0.143473848700523,0,0,0.851231880486012,1.18838006258011,0,59.7562110424042
Thiago Alcántara,Bayern,0,0.601641461253166,0.461680799722672,0,0.448022499680519,1.28190885484219,0,49.430513381958
Lewandowski,Bayern,2,1.45564809441566,0.661194562911987,0,0.399064227938652,0.871962763369083,0,66.143601834774
Boateng,Bayern,0,1.85245728492737,0.853817522525787,0.419281706213951,0.811349719762802,0.954996302723885,0.971465092152357,75.3208976984024
Davies,Bayern,0,0.966031268239021,0.430231332778931,0,1.13887432217598,1.43779039382935,0.589193217456341,67.1043333411217
Gnabry,Bayern,0,0,0.266388237476349,0,0.605905629694462,0.90324379503727,0.649923970922828,63.4979298710823
Müller,Bayern,0,1.25006522238255,0.599104166030884,0,1.08592709898949,0.782434999942779,2.59095896035433,69.5906716585159
Alaba,Bayern,0,0.806763917207718,0.234021008014679,0,1.7821661233902,2.08578987419605,0,58.0025950074196
Coman,Bayern,0,0.43783550709486,0,0,1.16582368314266,1.17245175689459,0,69.2768436670303
Kimmich,Bayern,0,1.62945944070816,0.345116794109344,0,1.13458642363548,1.08015444129705,2.37237699329853,67.2761079668999
"Ulreich

 (GK)",Bayern,0,0,0,0,0,0,0,18.9676852524281
Odriozola,Bayern,0,0,0,0,0.187750171869993,0.286405505612493,0,24.7285887598991
Coutinho,Bayern,0,0.594152815639973,0.437354326248169,0,0.585179448127747,0.143099661916494,0,45.2633610367775
Goretzka,Bayern,0,0,0,0,0,0,0,23.1514478474855
Hernández,Bayern,0,0,0,0,0,0,0,5.58692172169685
Tolisso,Bayern,0,0,0,0,0.48919077962637,0,0,27.512074559927
Zirkzee,Bayern,0,0.343302041292191,0.289801627397537,0,0.492649897933006,0.771215826272965,0.875351577997207,38.9309813082218
"Navas

 (GK)",Paris,0,0,0,0,0,0,0,61.0969716310501
Kimpembe,Paris,0,0.597036674618721,0,0,1.19952084124088,1.31708879768848,0.324129126966,71.6725650429726
Kehrer,Paris,0,0,0.309491127729416,0,0.77359727025032,1.01924896240234,0.223469082266092,56.8472221493721
Marquinhos,Paris,0,0,0.247094795107841,0,0.711959406733513,1.18978741765022,2.5250842794776,67.5043296813965
Paredes,Paris,0,2.13635104894638,0.736840188503265,0.391471311450005,0.698280647397041,0,0,70.7650178670883
Cavani,Paris,1,2.11925202608109,0.944706201553345,0,0.944160148501396,0.551967576146126,1.40730496495962,61.3316571712494
Neymar,Paris,0,1.37505076825619,0.705121874809265,0.209599815309048,0.707083731889725,0.269768031314015,0,60.7561641931534
Di María,Paris,0,0.710548222064972,0.452296018600464,0,1.14798511564732,1.06969467550516,0.414553051814437,67.5014096498489
Bernat,Paris,0,0.803260937333107,0.029063865542412,0,0.512887917459011,1.68872839212418,0,74.5943856239319
Sarabia,Paris,0,0.704336203634739,0,0,0.53910169750452,0.883758090436459,0,61.6464447975159
Gueye,Paris,0,0.4037751480937,0.228571206331253,0,0.682723090052605,0.971344716846943,2.21043787896633,64.3581944704056
"Rico

 (GK)",Paris,0,0,0,0,0,0,0,0
Mbappé,Paris,0,0,0,0,0.747028946876526,0.559124581515789,0,34.3992945551872
Icardi,Paris,0,0,0,0.022059780545533,0.160591764375567,0,0,33.2288794219494
Kurzawa,Paris,0,0,0,0,0,0,0,21.7733643203974
Diallo,Paris,0,0,0.551039934158325,0,0.086631081998348,0,0,25.3534035384655
Draxler,Paris,0,0,0,0,0.152901504188776,0,0,19.387424364686
Kouassi,Paris,0,0,0,0,0,0,0,21.2702740728855
